sp_code,host_genus_species,search_terms,sp_quote,database,years,num_results,path_search_results
EKC,Acetes_americanus,"""Acetes americanus"" OR ""Acetes brasiliensis""          ","""Acetes americanus""","all, title",1864-2017,5,0
ESH,Acetes_chinensis,"""Acetes chinensis""           ","""Acetes chinensis""","all, title",1864-2017,21,3
EKN,Acetes_indicus,"""Acetes indicus"" OR ""Acetes spiniger""          ","""Acetes indicus""","all, title",1864-2017,11,0
EKI,Acetes_intermedius,"""Acetes intermedius""           ","""Acetes intermedius""","all, title",1864-2017,13,0
AKS,Acetes_japonicus,"""Acetes japonicus"" OR ""Acetes cochinensis"" OR "" Acetes dispar""         ","""Acetes japonicus""","all, title",1864-2017,16,1
RTQ,Achelous_spinimanus,"""Achelous spinimanus"" OR ""Achelous spinimanus smithii"" OR "" Lupa banksii"" OR "" Portunus spinimanus"" OR "" Portunus vossi""       ","""Achelous spinimanus""","all, title",1864-2017,23,1
RSQ,Arenaeus_cribrarius,"""Arenaeus cribrarius"" OR ""Portunus cribrarius"" OR "" Lupa maculata""         ","""Arenaeus cribrarius""","all, title",1864-2017,25,1
ARS,Aristaeomorpha_foliacea,"""Aristaeomorpha foliacea"" OR ""Aristaeomorpha giglioliana"" OR "" Aristaeomorpha mediterranea"" OR "" Aristaeomorpha rostridentata"" OR "" Aristeomorpha foliacea"" OR "" Aristeus japonicus"" OR "" Aristeus rostridentatus"" OR "" Penaeus foliacea"" OR "" Penaeus meridionalis""   ","""Aristaeomorpha foliacea""","all, title",1864-2017,79,1
SSH,Aristaeopsis_edwardsiana,"""Aristaeopsis edwardsiana"" OR ""Aristaeopsis edwardsianus"" OR "" Aristeus coralinus"" OR "" Aristeus splendens"" OR "" Penaeus edwardsianus"" OR "" Plesiopenaeus edwardsianus""      ","""Aristaeopsis edwardsiana""","all, title",1864-2017,8,0
ARA,Aristeus_antennatus,"""Aristeus antennatus"" OR ""Penaeus antemarius"" OR "" Penaeus antennatus"" OR "" Sicyonia duvernoii""        ","""Aristeus antennatus""","all, title",1864-2017,156,2
ASH,Artemesia_longinaris,"""Artemesia longinaris""           ","""Artemesia longinaris""","all, title",1864-2017,54,4
AIG,Astacopsis_gouldi,"""Astacopsis gouldi""           ","""Astacopsis gouldi""","all, title",1864-2017,10,0
AAS,Astacus_astacus,"""Astacus astacus"" OR ""Astacus fluviatilis "" OR "" Cancer astacus "" OR "" Potamobius fluviatilis balcanicus""        ","""Astacus astacus""","all, title",1864-2017,695,83
AUP,Austropotamobius_pallipes,"""Austropotamobius pallipes"" OR ""Astacus fontinalis"" OR "" Astacus pallipes""         ","""Austropotamobius pallipes""","all, title",1864-2017,434,72
UTT,Austropotamobius_torrentium,"""Austropotamobius torrentium"" OR ""Astacus torrentium "" OR "" Austropotamobius torrentium macedonicus "" OR "" Cancer torrentium""        ","""Austropotamobius torrentium""","all, title",1864-2017,115,11
BQL,Birgus_latro,"""Birgus latro"" OR ""Birgus laticauda"" OR "" Cancer latro""         ","""Birgus latro""","all, title",1864-2017,124,7
ISK,Callichirus_kraussi,"""Callichirus kraussi"" OR ""Callianassa kraussi""          ","""Callichirus kraussi""","all, title",1864-2017,31,0
KLU,Callinectes_arcuatus,"""Callinectes arcuatus"" OR ""Callinectes dubia"" OR "" Callinectes nitidus "" OR "" Callinectes pleuriticus""        ","""Callinectes arcuatus""","all, title",1864-2017,30,1
KLI,Callinectes_bellicosus,"""Callinectes bellicosus"" OR ""Callinectes ochoterenai""          ","""Callinectes bellicosus""","all, title",1864-2017,21,0
CRZ,Callinectes_danae,"""Callinectes danae"" OR ""Callinectes maracaiboensis""          ","""Callinectes danae""","all, title",1864-2017,102,3
KLO,Callinectes_ornatus,"""Callinectes ornatus"" OR ""Callinectes humphreyi""          ","""Callinectes ornatus""","all, title",1864-2017,49,2
CRB,Callinectes_sapidus,"""Callinectes sapidus"" OR ""Callinectes sapidus acutidens"" OR "" Portunus diacantha""         ","""Callinectes sapidus""","all, title",1864-2017,1486,179
CRC,Callinectes_toxotes,"""Callinectes toxotes"" OR ""Callinectes diacanthus robustus""          ","""Callinectes toxotes""","all, title",1864-2017,3,0
MBO,Cambarus_bartonii,"""Cambarus bartonii"" OR ""Cambarus bartonii bartonii "" OR "" Cambarus bartonii cavatus""         ","""Cambarus bartonii""","all, title",1864-2017,21,0
CRK,Cancer_irroratus,"""Cancer irroratus"" OR ""Cancer sayi""          ","""Cancer irroratus""","all, title",1864-2017,164,14
CRE,Cancer_pagurus,"""Cancer pagurus"" OR ""Cancer fimbriatus"" OR "" Cancer incisocrenatus "" OR "" Cancer luederwaldti""        ","""Cancer pagurus""","all, title",1864-2017,364,57
ROC,Cancer_productus,"""Cancer productus"" OR ""Cancer brewerii "" OR "" Cancer perlatus""         ","""Cancer productus""","all, title",1864-2017,52,4
CMR,Carcinus_aestuarii,"""Carcinus aestuarii"" OR ""Carcinus mediterraneus "" OR "" Portunus menoides""         ","""Carcinus aestuarii""","all, title",1864-2017,145,38
CRG,Carcinus_maenas,"""Carcinus maenas"" OR ""Cancer granarius"" OR "" Cancer granulatus "" OR "" Cancer maenas "" OR "" Cancer pygmeus"" OR "" Cancer rhomboidalis "" OR "" Cancer viridis"" OR "" Megalopa montagui "" OR "" Portunus carcinoides""   ","""Carcinus maenas""","all, title",1864-2017,1831,160
CZJ,Cervimunida_johni,"""Cervimunida johni""           ","""Cervimunida johni""","all, title",1864-2017,18,2
CGE,Chaceon_maritae,"""Chaceon maritae"" OR ""Geryon chuni"" OR "" Geryon maritae""         ","""Chaceon maritae""","all, title",1864-2017,15,1
YFB,Charybdis_bimaculata,"""Charybdis bimaculata"" OR ""Charybdis subornata"" OR "" Gonioneptunus whiteleggei"" OR "" Goniosoma bimaculata""        ","""Charybdis bimaculata""","all, title",1864-2017,7,0
KHF,Charybdis_feriata,"""Charybdis feriata"" OR ""Charybdis feriatus "" OR "" Cancer cruciata"" OR "" Cancer crucifer"" OR "" Cancer feriata"" OR "" Cancer sexdentatus"" OR "" Charybdis cruciata"" OR "" Portunus crucifer""    ","""Charybdis feriata""","all, title",1864-2017,38,7
YVB,Charybdis_hellerii,"""Charybdis hellerii"" OR ""Charybdis merguiensis"" OR "" Goniosoma hellerii""         ","""Charybdis hellerii""","all, title",1864-2017,25,1
YBJ,Charybdis_japonica,"""Charybdis japonica"" OR ""Charybdis peitchihiliensis"" OR "" Charybdis sowerbyi"" OR "" Goniosoma japonica""        ","""Charybdis japonica""","all, title",1864-2017,92,13
CDT,Cherax_destructor,"""Cherax destructor""           ","""Cherax destructor""","all, title",1864-2017,205,17
CRP,Cherax_quadricarinatus,"""Cherax quadricarinatus""           ","""Cherax quadricarinatus""","all, title",1864-2017,405,93
CVB,Chionoecetes_bairdi,"""Chionoecetes bairdi""           ","""Chionoecetes bairdi""","all, title",1864-2017,131,21
CRQ,Chionoecetes_opilio,"""Chionoecetes opilio"" OR ""Cancer opilio"" OR "" Cancer phalangivm"" OR "" Chionoecetes behringianus"" OR "" Chionoecetes chilensis"" OR "" Peloplastus pallasi""      ","""Chionoecetes opilio""","all, title",1864-2017,421,30
CSH,Crangon_crangon,"""Crangon crangon"" OR ""Cancer crangon"" OR "" Cancer schillinus"" OR "" Crangon maculosus"" OR "" Crangon rubro "" OR "" Crangon vulgaris"" OR "" Steiracrangon orientalis""     ","""Crangon crangon""","all, title",1864-2017,438,21
GQF,Crangon_franciscorum,"""Crangon franciscorum""           ","""Crangon franciscorum""","all, title",1864-2017,23,2
ERS,Eriocheir_sinensis,"""Eriocheir sinensis"" OR ""Eriocheir sinensis acutifrons"" OR "" Eriocheir sinensis rostrata"" OR "" Eriocheir sinensis rotundifrons "" OR "" Eriocheir sinensis trilobata "" OR "" Grapsus nankin""      ","""Eriocheir sinensis""","all, title",1864-2017,1108,232
AYA,Euastacus_armatus,"""Euastacus armatus""           ","""Euastacus armatus""","all, title",1864-2017,18,0
EXO,Exopalaemon_modestus,"""Exopalaemon modestus""           ","""Exopalaemon modestus""","all, title",1864-2017,24,1
IFJ,Grapsus_adscensionis,"""Grapsus adscensionis"" OR ""Cancer adscensionis"" OR "" Grapsus adscencionis"" OR "" Grapsus pictus ocellatus "" OR "" Grapsus webbi""       ","""Grapsus adscensionis""","all, title",1864-2017,7,0
JAQ,Haliporoides_sibogae,"""Haliporoides sibogae"" OR ""Haliporus sibogae"" OR "" Parahaliporus sibogae""         ","""Haliporoides sibogae""","all, title",1864-2017,10,0
HUY,Hepatus_pudibundus,"""Hepatus pudibundus"" OR ""Calappa angustata"" OR "" Cancer princeps"" OR "" Cancer pudibundus"" OR "" Hepatus calappoides"" OR "" Hepatus fasciatus"" OR "" Hepatus tuberculatus""     ","""Hepatus pudibundus""","all, title",1864-2017,25,0
CHS,Heterocarpus_reedi,"""Heterocarpus reedi""           ","""Heterocarpus reedi""","all, title",1864-2017,25,0
LBA,Homarus_americanus,"""Homarus americanus"" OR ""Astacus americanus"" OR "" Homarus mainensis""         ","""Homarus americanus""","all, title",1864-2017,1815,215
LBE,Homarus_gammarus,"""Homarus gammarus"" OR ""Astacus europaeus"" OR "" Astacus gammarus"" OR "" Cancer gammarus"" OR "" Homarus marinus"" OR "" Homarus vulgaris""      ","""Homarus gammarus""","all, title",1864-2017,489,39
MVH,Hyas_coarctatus,"""Hyas coarctatus"" OR ""Hyas coarctatus coarctatus"" OR "" Hyas serratus"" OR "" Lissa fissirostra""        ","""Hyas coarctatus""","all, title",1864-2017,17,1
IBE,Ibacus_peronii,"""Ibacus peronii"" OR ""Ibacus incisus""          ","""Ibacus peronii""","all, title",1864-2017,10,0
LBC,Jasus_lalandii,"""Jasus lalandii"" OR ""Palinurus lalandii "" OR "" Palinostus lalandii"" OR "" Palinosytus lalandii""        ","""Jasus lalandii""","all, title",1864-2017,152,4
LKG,Leptochela_gracilis,"""Leptochela gracilis"" OR ""Leptochela pellucida""          ","""Leptochela gracilis""","all, title",1864-2017,3,0
KCR,Lithodes_santolla,"""Lithodes santolla"" OR ""Lithodes antarctica"" OR "" Pseudolithodes zenkevitchi""         ","""Lithodes santolla""","all, title",1864-2017,59,11
MBA,Macrobrachium_amazonicum,"""Macrobrachium amazonicum""           ","""Macrobrachium amazonicum""","all, title",1864-2017,156,13
BKI,Macrobrachium_intermedium,"""Macrobrachium intermedium"" OR ""Leander intermedius""          ","""Macrobrachium intermedium""","all, title",1864-2017,3,0
BKB,Macrobrachium_macrobrachion,"""Macrobrachium macrobrachion"" OR ""Palaemon africanus"" OR "" Palemon macrobrachion""         ","""Macrobrachium macrobrachion""","all, title",1864-2017,20,1
MNX,Macrobrachium_nipponense,"""Macrobrachium nipponense""           ","""Macrobrachium nipponense""","all, title",1864-2017,332,49
BJD,Macrobrachium_raridens,"""Macrobrachium raridens"" OR ""Palaemon raridens""          ","""Macrobrachium raridens""","all, title",1864-2017,0,0
BJH,Macrobrachium_vollenhovenii,"""Macrobrachium vollenhovenii""           ","""Macrobrachium vollenhovenii""","all, title",1864-2017,43,2
SCR,Maja_squinado,"""Maja squinado"" OR ""Cancer cornutus"" OR "" Cancer squinado"" OR "" Maja tuberculata""        ","""Maja squinado""","all, title",1864-2017,77,2
STC,Menippe_mercenaria,"""Menippe mercenaria"" OR ""Cancer mercenaria"" OR "" Pseudocarcinus ocellatus""         ","""Menippe mercenaria""","all, title",1864-2017,97,6
DUN,Metacarcinus_magister,"""Metacarcinus magister"" OR ""Cancer_magister""          ","""Metacarcinus magister""","all, title",1864-2017,424,31
MFL,Metanephrops_australiensis,"""Metanephrops australiensis"" OR ""Nephrops australiensis""          ","""Metanephrops australiensis""","all, title",1864-2017,3,0
MFO,Metanephrops_boschmai,"""Metanephrops boschmai"" OR ""Nephrops boschmai""          ","""Metanephrops boschmai""","all, title",1864-2017,1,0
MEC,Metanephrops_challengeri,"""Metanephrops challengeri"" OR ""Nephrops challengeri""          ","""Metanephrops challengeri""","all, title",1864-2017,8,1
MFV,Metanephrops_velutinus,"""Metanephrops velutinus"" OR ""Metanephrops andamanicus""          ","""Metanephrops velutinus""","all, title",1864-2017,4,0
MJB,Metapenaeopsis_barbata,"""Metapenaeopsis barbata"" OR ""Parapenaeus akayebi"" OR "" Penaeus barbatus""         ","""Metapenaeopsis barbata""","all, title",1864-2017,14,0
MTJ,Metapenaeus_affinis,"""Metapenaeus affinis"" OR ""Hymenopenaeus affinis "" OR "" Metapenaeus ivanovi"" OR "" Metapenaeus mutatus"" OR "" Metapenaeus necopinans"" OR "" Penaeus affinis"" OR "" Penaeus mutatis""     ","""Metapenaeus affinis""","all, title",1864-2017,56,1
MPD,Metapenaeus_dobsoni,"""Metapenaeus dobsoni"" OR ""Penaeus dobsoni""          ","""Metapenaeus dobsoni""","all, title",1864-2017,67,2
MPE,Metapenaeus_ensis,"""Metapenaeus ensis"" OR ""Metapenaeus mastersii"" OR "" Metapenaeus philippinensis"" OR "" Penaeus incisipes"" OR "" Penaeus mastersii"" OR "" Penoeus ensis""      ","""Metapenaeus ensis""","all, title",1864-2017,104,10
SHI,Metapenaeus_joyneri,"""Metapenaeus joyneri""           ","""Metapenaeus joyneri""","all, title",1864-2017,13,2
MPN,Metapenaeus_monoceros,"""Metapenaeus monoceros"" OR ""Metapenaeus cognatus"" OR "" Metapenaeus deschampsi"" OR "" Penaeopsis spinulicauda"" OR "" Penaeus monoceros""       ","""Metapenaeus monoceros""","all, title",1864-2017,165,4
MNG,Metapenaeus_stebbingi,"""Metapenaeus stebbingi""           ","""Metapenaeus stebbingi""","all, title",1864-2017,11,0
UDQ,Munida_gregaria,"""Munida gregaria"" OR ""Galathea gregaria"" OR "" Galathea subrugosa "" OR "" Grimothea gregaria"" OR "" Grimothea novae zealandiae "" OR "" Munida australiensis"" OR "" Munida subrugosa"" OR "" Munida subrugosa australiensis""    ","""Munida gregaria""","all, title",1864-2017,49,1
LIO,Necora_puber,"""Necora puber"" OR ""Macropipus puber "" OR "" Liocarcinus puber "" OR "" Cancer puber"" OR "" Cancer velutinus"" OR "" Polybius puber""      ","""Necora puber""","all, title",1864-2017,84,7
NLH,Nematopalaemon_hastatus,"""Nematopalaemon hastatus"" OR ""Palaemon hastatus""          ","""Nematopalaemon hastatus""","all, title",1864-2017,6,0
ISF,Neotrypaea_californiensis,"""Neotrypaea californiensis"" OR ""Callianassa californiensis "" OR "" Callianassa occidentalis""         ","""Neotrypaea californiensis""","all, title",1864-2017,48,4
NEP,Nephrops_norvegicus,"""Nephrops norvegicus"" OR ""Cancer norvegicus""          ","""Nephrops norvegicus""","all, title",1864-2017,593,58
NCM,Notocrangon_antarcticus,"""Notocrangon antarcticus"" OR ""Crangon antarcticus""          ","""Notocrangon antarcticus""","all, title",1864-2017,4,0
OKI,Orconectes_immunis,"""Orconectes immunis""           ","""Orconectes immunis""","all, title",1864-2017,37,1
ORL,Orconectes_limosus,"""Orconectes limosus""           ","""Orconectes limosus""","all, title",1864-2017,343,20
OKN,Orconectes_nais,"""Orconectes nais""           ","""Orconectes nais""","all, title",1864-2017,15,0
OKO,Orconectes_propinquus,"""Orconectes propinquus""           ","""Orconectes propinquus""","all, title",1864-2017,53,3
OKR,Orconectes_rusticus,"""Orconectes rusticus""           ","""Orconectes rusticus""","all, title",1864-2017,203,3
OKV,Orconectes_virilis,"""Orconectes virilis""           ","""Orconectes virilis""","all, title",1864-2017,225,7
OVP,Ovalipes_punctatus,"""Ovalipes punctatus"" OR ""Corystes punctatus "" OR "" Platyonichus bipustulatus""         ","""Ovalipes punctatus""","all, title",1864-2017,21,1
YGM,Pachygrapsus_marmoratus,"""Pachygrapsus marmoratus"" OR ""Cancer femoralis"" OR "" Cancer marmoratus"" OR "" Grapsus savignyi"" OR "" Grapsus varius"" OR "" Leptograpsus bertheloti"" OR "" Pachygrapsus pubescens""     ","""Pachygrapsus marmoratus""","all, title",1864-2017,161,15
PCL,Pacifastacus_leniusculus,"""Pacifastacus leniusculus""           ","""Pacifastacus leniusculus""","all, title",1864-2017,489,82
PAA,Palaemon_adspersus,"""Palaemon adspersus"" OR ""Cancer squilla"" OR "" Leander adspersus"" OR "" Leander brandti"" OR "" Leander rectirostris"" OR "" Palaemon communis"" OR "" Palaemon fabricii"" OR "" Palaemon foliirostris"" OR "" Palaemon imbellis"" OR "" Palaemon rectirostris"" OR "" Palaemon leachii"" OR "" Palaemon squilla""","""Palaemon adspersus""","all, title",1864-2017,120,5
PVK,Palaemon_gravieri,"""Palaemon gravieri"" OR ""Leander gravieri""          ","""Palaemon gravieri""","all, title",1864-2017,10,0
PMZ,Palaemon_macrodactylus,"""Palaemon macrodactylus""           ","""Palaemon macrodactylus""","all, title",1864-2017,47,3
OUI,Palaemon_pacificus,"""Palaemon pacificus"" OR ""Leander okiensis"" OR "" Leander pacificus""         ","""Palaemon pacificus""","all, title",1864-2017,21,1
PMW,Palaemon_paucidens,"""Palaemon paucidens""           ","""Palaemon paucidens""","all, title",1864-2017,55,2
OSK,Palaemon_serrifer,"""Palaemon serrifer"" OR ""Leander fagei"" OR "" Leander serrifer""         ","""Palaemon serrifer""","all, title",1864-2017,8,1
OXH,Palaemon_xiphias,"""Palaemon xiphias"" OR ""Leander xiphias"" OR "" Palaemon crenulatus"" OR "" Palaemon sogiontii"" OR "" Palemon trisetaceus"" OR "" Palemon xiphias""      ","""Palaemon xiphias""","all, title",1864-2017,6,0
MPQ,Palaemonetes_paludosus,"""Palaemonetes paludosus""           ","""Palaemonetes paludosus""","all, title",1864-2017,22,6
SLO,Palinurus_elephas,"""Palinurus elephas"" OR ""Astacus elephas""          ","""Palinurus elephas""","all, title",1864-2017,90,5
SLS,Palinurus_gilchristi,"""Palinurus gilchristi""           ","""Palinurus gilchristi""","all, title",1864-2017,14,0
NDD,Pandalopsis_dispar,"""Pandalopsis dispar""           ","""Pandalopsis dispar""","all, title",1864-2017,7,2
PRA,Pandalus_borealis,"""Pandalus borealis"" OR ""Dymas typus"" OR "" Pandalus borealis "" OR "" Pandalus edinticulatus""        ","""Pandalus borealis""","all, title",1864-2017,357,26
PYX,Pandalus_hypsinotus,"""Pandalus hypsinotus""           ","""Pandalus hypsinotus""","all, title",1864-2017,20,1
AES,Pandalus_montagui,"""Pandalus montagui"" OR ""Astacus maculatus"" OR "" Boreocaris mobiusi"" OR "" Pandalus annulicornis"" OR "" Pandalus leptorhynchus"" OR "" Pandalus levigatus""      ","""Pandalus montagui""","all, title",1864-2017,34,2
SLC,Panulirus_argus,"""Panulirus argus"" OR ""Palinurus americanus"" OR "" Palinurus argus"" OR "" Palinurus ricordi""        ","""Panulirus argus""","all, title",1864-2017,627,57
LOA,Panulirus_cygnus,"""Panulirus cygnus"" OR ""Panulirus longipes cygnus""          ","""Panulirus cygnus""","all, title",1864-2017,184,6
NUT,Panulirus_interruptus,"""Panulirus interruptus"" OR ""Palinurus interruptus""          ","""Panulirus interruptus""","all, title",1864-2017,205,3
NUP,Panulirus_penicillatus,"""Panulirus penicillatus"" OR ""Astacus penicillatus""          ","""Panulirus penicillatus""","all, title",1864-2017,33,1
LMS,Panulirus_polyphagus,"""Panulirus polyphagus"" OR ""Cancer polyphagus"" OR "" Palinurus fasciatus"" OR "" Panulirus fasciatus"" OR "" Panulirus orientalis""       ","""Panulirus polyphagus""","all, title",1864-2017,43,0
KCD,Paralithodes_camtschaticus,"""Paralithodes camtschaticus"" OR ""Lithodes japonicus"" OR "" Lithodes spinosissimus"" OR "" Maja camtschatica"" OR "" Paralithodes camtschatica"" OR "" Paralithodes rostrofalcatus""      ","""Paralithodes camtschaticus""","all, title",1864-2017,369,24
KCI,Paralithodes_platypus,"""Paralithodes platypus""           ","""Paralithodes platypus""","all, title",1864-2017,46,10
NFF,Paranephrops_planifrons,"""Paranephrops planifrons""           ","""Paranephrops planifrons""","all, title",1864-2017,25,2
NAW,Parapenaeopsis_hardwickii,"""Parapenaeopsis hardwickii"" OR ""Parapenaeopsis cultirostris""          ","""Parapenaeopsis hardwickii""","all, title",1864-2017,37,1
NAY,Parapenaeopsis_stylifera,"""Parapenaeopsis stylifera"" OR ""Penaeus stylifera""          ","""Parapenaeopsis stylifera""","all, title",1864-2017,49,5
NIT,Parapenaeopsis_tenella,"""Parapenaeopsis tenella""           ","""Parapenaeopsis tenella""","all, title",1864-2017,0,0
DPS,Parapenaeus_longirostris,"""Parapenaeus longirostris"" OR ""Penaeus bocagei"" OR "" Penaeus lividus"" OR "" Penaeus longirostris"" OR "" Peneus cocco""       ","""Parapenaeus longirostris""","all, title",1864-2017,158,13
ABS,Penaeus_aztecus,"""Penaeus aztecus"" OR ""Farfantepenaeus aztecus""          ","""Penaeus aztecus""","all, title",1864-2017,255,25
PNB,Penaeus_brasiliensis,"""Penaeus brasiliensis"" OR ""Farfantepenaeus brasiliensis""          ","""Penaeus brasiliensis""","all, title",1864-2017,80,10
YPS,Penaeus_californiensis,"""Penaeus californiensis"" OR ""Farfantepenaeus californiensis""          ","""Penaeus californiensis""","all, title",1864-2017,86,7
APS,Penaeus_duorarum,"""Penaeus duorarum"" OR ""Farfantepenaeus duorarum""          ","""Penaeus duorarum""","all, title",1864-2017,201,23
PNI,Penaeus_indicus,"""Penaeus indicus"" OR ""Fenneropenaeus indicus"" OR "" Palaemon longicornis""        ","""Penaeus indicus""","all, title",1864-2017,482,100
KUP,Penaeus_japonicus,"""Penaeus japonicus"" OR ""Marsupenaeus japonicas "" OR "" Penaeus canaliculatus""         ","""Penaeus japonicus""","all, title",1864-2017,620,113
TGS,Penaeus_kerathurus,"""Penaeus kerathurus"" OR ""Alpheus caramote"" OR "" Alpheus punctulatus"" OR "" Alpheus trisulcatus"" OR "" Cancer kerathurus"" OR "" Melicertus kerathurus"" OR "" Melicertus tigrinus"" OR "" Palaemon sulcatus"" OR "" Penaeus trisulcatus "" OR "" Peneus cristatus"" OR "" Peneus mars"" ","""Penaeus kerathurus""","all, title",1864-2017,140,5
WKP,Penaeus_latisulcatus,"""Penaeus latisulcatus"" OR ""Melicertus latisulcatus""          ","""Penaeus latisulcatus""","all, title",1864-2017,43,6
ELY,Penaeus_longistylus,"""Penaeus longistylus"" OR ""Melicertus longistylus"" OR "" Penaeus caesius"" OR "" Penaeus jejunus""        ","""Penaeus longistylus""","all, title",1864-2017,3,0
PBA,Penaeus_merguiensis,"""Penaeus merguiensis"" OR ""Fenneropenaeus merguiensis""          ","""Penaeus merguiensis""","all, title",1864-2017,223,47
GIT,Penaeus_monodon,"""Penaeus monodon"" OR ""Penaeus bubulus"" OR "" Penaeus carinatus"" OR "" Penaeus coeruleus"" OR "" Penaeus durbani"" OR "" Penaeus semisulcatus "" OR "" Penaeus tahitensis""     ","""Penaeus monodon""","all, title",1864-2017,2221,861
SOP,Penaeus_notialis,"""Penaeus notialis"" OR ""Farfantepenaeus notialis""          ","""Penaeus notialis""","all, title",1864-2017,59,4
PPS,Penaeus_paulensis,"""Penaeus paulensis"" OR ""Farfantepenaeus paulensis""          ","""Penaeus paulensis""","all, title",1864-2017,121,8
TIP,Penaeus_semisulcatus,"""Penaeus semisulcatus"" OR ""Penaeus ashiaka"" OR "" Penaeus manilensis""         ","""Penaeus semisulcatus""","all, title",1864-2017,218,27
PST,Penaeus_setiferus,"""Penaeus setiferus"" OR ""Cancer setiferus"" OR "" Litopenaeus setiferus"" OR "" Paeneus orbignyanus"" OR "" Penaeus fluviatilis"" OR "" Penaeus gracilirostris""      ","""Penaeus setiferus""","all, title",1864-2017,231,28
PNS,Penaeus_stylirostris,"""Penaeus stylirostris"" OR ""Litopenaeus stylirostris""          ","""Penaeus stylirostris""","all, title",1864-2017,204,73
PNU,Penaeus_subtilis,"""Penaeus subtilis"" OR ""Farfantepenaeus subtilis""          ","""Penaeus subtilis""","all, title",1864-2017,38,3
PNV,Penaeus_vannamei,"""Penaeus vannamei"" OR ""Litopenaeus vannamei""          ","""Penaeus vannamei""","all, title",1864-2017,3274,1274
UIS,Plagusia_depressa,"""Plagusia depressa"" OR ""Cancer depressa"" OR "" Plagusia depressa depressa"" OR "" Plagusia gracilis"" OR "" Plagusia sayi""       ","""Plagusia depressa""","all, title",1864-2017,13,0
LAA,Pleoticus_muelleri,"""Pleoticus muelleri"" OR ""Parartemesia carinata"" OR "" Philonicus mulleri""         ","""Pleoticus muelleri""","all, title",1864-2017,73,5
LKW,Plesionika_edwardsii,"""Plesionika edwardsii"" OR ""Pandalus longirostris"" OR "" Pandalus edwardsii"" OR "" Pandalus guerinii"" OR "" Plesionika longirostris""       ","""Plesionika edwardsii""","all, title",1864-2017,13,0
PVJ,Plesionika_narval,"""Plesionika narval"" OR ""Astacus narual"" OR "" Nisea formosa"" OR "" Palaemon tarentinum"" OR "" Palemon pristis"" OR "" Pandalus escatilis"" OR "" Pandalus stylopus"" OR "" Parapandalus narval""    ","""Plesionika narval""","all, title",1864-2017,20,0
PQG,Pleuroncodes_monodon,"""Pleuroncodes monodon"" OR ""Galathea monodon"" OR "" Grimothea duperreii"" OR "" Munida cokeri""        ","""Pleuroncodes monodon""","all, title",1864-2017,35,3
CRD,Pontastacus_leptodactylus,"""Pontastacus leptodactylus"" OR ""Astacus leptodactylus "" OR "" Astacus leptodactylus kessleri "" OR "" Astacus leptodactylus eichwaldi""        ","""Pontastacus leptodactylus""","all, title",1864-2017,607,56
SCD,Portunus_pelagicus,"""Portunus pelagicus"" OR ""Cancer cedonulli"" OR "" Cancer pelagicus"" OR "" Lupa pelagica"" OR "" Neptunus pelagicus"" OR "" Portunus pelagicus sinensis"" OR "" Portunus denticulatus""     ","""Portunus pelagicus""","all, title",1864-2017,361,49
UNG,Portunus_sanguinolentus,"""Portunus sanguinolentus"" OR ""Cancer raihoae"" OR "" Lupa sanguinolentus""         ","""Portunus sanguinolentus""","all, title",1864-2017,84,5
GAZ,Portunus_trituberculatus,"""Portunus trituberculatus"" OR ""Neptunus trituberculatus""          ","""Portunus trituberculatus""","all, title",1864-2017,470,118
RQA,Procambarus_alleni,"""Procambarus alleni""           ","""Procambarus alleni""","all, title",1864-2017,10,0
RCW,Procambarus_clarkii,"""Procambarus clarkii"" OR ""Cambarus clarkii""          ","""Procambarus clarkii""","all, title",1864-2017,1624,119
RKX,Procambarus_fallax,"""Procambarus fallax""           ","""Procambarus fallax""","all, title",1864-2017,28,6
TKN,Rimapenaeus_constrictus,"""Rimapenaeus constrictus"" OR ""Parapenaeus constrictus"" OR "" Penaeopsis agassizii"" OR "" Penaeus constrictus"" OR "" Trachypenaeus constrictus""       ","""Rimapenaeus constrictus""","all, title",1864-2017,8,0
KKN,Romaleon_antennarium,"""Romaleon antennarium"" OR ""Cancer antennarius "" OR "" Cancer antennarium""         ","""Romaleon antennarium""","all, title",1864-2017,50,1
LOG,Sagmariasus_verreauxi,"""Sagmariasus verreauxi"" OR ""Jasus verreauxi "" OR "" Palinurus verreauxi""         ","""Sagmariasus verreauxi""","all, title",1864-2017,65,4
YLW,Scylla_olivacea,"""Scylla olivacea"" OR ""Cancer olivacea""          ","""Scylla olivacea""","all, title",1864-2017,60,4
MUD,Scylla_serrata,"""Scylla serrata"" OR ""Achelous crassimanus"" OR "" Cancer serrata"" OR "" Lupa lobifrons"" OR "" Scylla tranquebarica oceanica""       ","""Scylla serrata""","all, title",1864-2017,734,102
ONJ,Solenocera_acuminata,"""Solenocera acuminata""           ","""Solenocera acuminata""","all, title",1864-2017,1,0
SKK,Solenocera_choprai,"""Solenocera choprai""           ","""Solenocera choprai""","all, title",1864-2017,6,1
SQH,Solenocera_melantho,"""Solenocera melantho"" OR ""Solenocera prominentis""          ","""Solenocera melantho""","all, title",1864-2017,18,0
TZI,Thenus_indicus,"""Thenus indicus""           ","""Thenus indicus""","all, title",1864-2017,0,0
THQ,Thenus_orientalis,"""Thenus orientalis"" OR ""Sagaritis orientalis"" OR "" Scyllarus orientalis"" OR "" Scyllibacus orientalis""        ","""Thenus orientalis""","all, title",1864-2017,56,0
TRV,Trachysalambria_curvirostris,"""Trachysalambria curvirostris"" OR ""Metapenaeus palaestinensis"" OR "" Penaeus curvirostris"" OR "" Trachypenaeus curvirostris""        ","""Trachysalambria curvirostris""","all, title",1864-2017,36,1
UCC,Ucides_cordatus,"""Ucides cordatus"" OR ""Cancer cordatus"" OR "" Cancer uca"" OR "" Ocypode fossor "" OR "" Uca pilosipes""       ","""Ucides cordatus""","all, title",1864-2017,214,23
UCD,Ucides_occidentalis,"""Ucides occidentalis"" OR ""Oedipleura occidentalis""          ","""Ucides occidentalis""","all, title",1864-2017,8,1
UPJ,Upogebia_pusilla,"""Upogebia pusilla"" OR ""Astacus pusillus"" OR "" Gebia lacustris"" OR "" Gebia litoralis"" OR "" Gebia littoralis"" OR "" Gebia venetiarum"" OR "" Gebios littoralis"" OR "" Thalassina littoralis"" OR "" Upogebia litoralis"" OR "" Upogebia littoralis"" OR "" Upogebia pusilla"" ","""Upogebia pusilla""","all, title",1864-2017,38,5
JLA,Xantho_poressa,"""Xantho poressa"" OR ""Alpheus tinctor"" OR "" Cancer levifrons"" OR "" Cancer poressa"" OR "" Cancer tinctor"" OR "" Xantho rivulosa"" OR "" Xantho rivulosus""     ","""Xantho poressa""","all, title",1864-2017,8,1
BOB,Xiphopenaeus_kroyeri,"""Xiphopenaeus kroyeri"" OR ""Penaeus kroyeri"" OR "" Xiphopenaeus hartii""         ","""Xiphopenaeus kroyeri""","all, title",1864-2017,105,2