path_abbr,host_genus,host_species,host_genus_species,in_wild,ref,notes,key references to look into
aabv,Astacus,astacus,Astacus_astacus,,76,,
abe_por,Carcinus,maenas,Carcinus_maenas,,"32, 34, 35, 36, 37",,
ach_occ,Omalacantha,bicornuta,Omalacantha_bicornuta,,125,,
ach_occ,Stenorhynchus,seticornis,Stenorhynchus_seticornis,,125,,
acr_sp,Penaeus,monodon,monodon,lab,550,,
aer_hyd,Cherax,quadricarinatus,Cherax_quadricarinatus,aquaculture,462,,
aer_hyd,Eriocheir,sinensis,Eriocheir_sinensis,,99,,
aer_hyd,Macrobrachium,nipponense,Macrobrachium_nipponense,lab,491,,
aer_hyd,Pacifastacus,leniusculus,Pacifastacus_leniusculus,wild,"261, 273",,
aer_hyd,Penaeus,semisulcatus,Penaeus_semisulcatus,,568,,
aer_hyd,Pontastacus,leptodactylus,Pontastacus_leptodactylus,,234,,
aer_hyd,Procambarus,clarkii,Procambarus_clarkii,,274,,
aer_sch,Penaeus,vannamei,Penaeus_vannamei,aquaculture,591,,
aer_sob,Procambarus,fallax,Procambarus_fallax,,273,,
aer_vir,Homarus,americanus,Homarus_americanus,wild,"2, 116",,Stewart et al. (1966)
aer_vir,Homarus,gammarus,Homarus_gammarus,wild,476,,
agg_ebe,Carcinus,maenas,Carcinus_maenas,,53,,
agg_oct,Palaemon,elegans,Palaemon_elegans,,173,,
agg_sp,Artemesia,longinaris,Artemesia_longinaris,wild,11,,
agg_sp,Pilumnus,spinifer,Pilumnus_spinifer,,218,,
agg_sp,Pleoticus,muelleri,Pleoticus_muelleri,wild,600,,
agm_pen,Penaeus,brasiliensis,Penaeus_brasiliensis,wild,534,,
agm_pen,Penaeus,duorarum,Penaeus_duorarum,wild,534,,
agm_pen,Penaeus,notialis,Penaeus_notialis,wild,565,,
agm_pen,Penaeus,setiferus,Penaeus_setiferus,wild,569,,
agm_pen,Penaeus,vannamei,Penaeus_vannamei,aquaculture,534,,
agm_sp,Penaeus,monodon,Penaeus_monodon,,556,,
ala_ocl,Paralithodes,camtschaticus,Paralithodes_camtschaticus,wild,524,,
all_car,Procambarus,acutus,Procambarus_acutus,,266,,
all_dol,Procambarus,acutissimus,Procambarus_acutissimus,wild,267,,
all_dol,Procambarus,acutus,Procambarus_acutus,wild,267,,
all_dol,Procambarus,howellae,Procambarus_howellae,wild,267,,
all_dol,Procambarus,paeninsulanus,Procambarus_paeninsulanus,wild,267,,
all_dol,Procambarus,troglodytes,Procambarus_troglodytes,wild,267,,
all_fil,Procambarus,clarkii,Procambarus_clarkii,wild,"442, 623",,
all_hen,Charybdis,bimaculata,Charybdis_bimaculata,wild,150,,
all_hen,Charybdis,callianassa,Charybdis_callianassa,wild,150,,
all_lon,Portunus,pulchricristatus,Portunus_pulchricristatus,wild,150,,
all_mon,Portunus,pelagicus,Portunus_pelagicus,wild,150,,
all_mon,Portunus,trituberculatus,Portunus_trituberculatus,wild,150,,
all_mon,Stenorhynchus,seticornis,Stenorhynchus_seticornis,wild,150,,
all_sin,Lissocarcinus,orbicularis,Lissocarcinus_orbicularis,,63,,
ame_atl,Cancer,pagurus,Cancer_pagurus,wild,453,,
ame_met,Metacarcinus,magister,Metacarcinus_magister,wild,493,,
ame_mic,Callinectes,sapidus,Callinectes_sapidus,,22,,
ame_por,Portunus,trituberculatus,Portunus_trituberculatus,aquaculture,609,,
ame_pul,Carcinus,maenas,Carcinus_maenas,,42,,
ame_sp,Paralithodes,camtschaticus,Paralithodes_camtschaticus,wild,1,,
ame_sp,Paralithodes,platypus,Paralithodes_platypus,wild,1,,
ame_sp,Penaeus,esculentus,Penaeus_esculentus,wild,214,,
ame_sp,Penaeus,merguiensis,Penaeus_merguiensis,wild,214,,
ame_sp,Penaeus,semisulcatus,Penaeus_semisulcatus,wild,214,,
ame_sp,Portunus,pelagicus,Portunus_pelagicus,wild,606,,
ano_hae,Homarus,americanus,Homarus_americanus,wild,"2, 111",,Aiken et al. (1973) and Cawthorn et al. (1996)
ano_mag,Carcinus,maenas,Carcinus_maenas,,50,,
apbv,Austropotamobius,pallipes,Austropotamobius_pallipes,wild,442,,
aph_ast,Astacopsis,franklinii,Astacopsis_franklinii,lab,256,,
aph_ast,Astacopsis,gouldi,Astacopsis_gouldi,lab,256,,
aph_ast,Astacus,astacus,Astacus_astacus,wild,"2, 52",,Alderman and Polglase (1988)
aph_ast,Austropotamobius,pallipes,Austropotamobius_pallipes,lab,256,,
aph_ast,Austropotamobius,torrentium,Austropotamobius_torrentium,lab,256,,
aph_ast,Cambaroides,japonicus,Cambaroides_japonicus,lab,256,,
aph_ast,Cherax,destructor,Cherax_destructor,lab,256,,
aph_ast,Cherax,papuanus,Cherax_papuanus,lab,256,,
aph_ast,Cherax,quadricarinatus,Cherax_quadricarinatus,lab,256,,
aph_ast,Eriocheir,sinensis,Eriocheir_sinensis,wild,98,,
aph_ast,Euastacus,crassus,Euastacus_crassus,lab,256,,
aph_ast,Euastacus,kershawi,Euastacus_kershawi,lab,256,,
aph_ast,Euastacus,spinifer,Euastacus_spinifer,lab,256,,
aph_ast,Geocharax,tasmanicus,Geocharax_tasmanicus,lab,256,,
aph_ast,Orconectes,immunis,Orconectes_immunis,wild,248,,
aph_ast,Orconectes,limosus,Orconectes_limosus,wild,250,,
aph_ast,Orconectes,rusticus,Orconectes_rusticus,wild,256,,
aph_ast,Orconectes,virilis,Orconectes_virilis,wild,256,,
aph_ast,Pacifastacus,leniusculus,Pacifastacus_leniusculus,wild,262,,
aph_ast,Pontastacus,leptodactylus,Pontastacus_leptodactylus,wild,230,,
aph_ast,Procambarus,acutus,Procambarus_acutus,wild,268,,
aph_ast,Procambarus,clarkii,Procambarus_clarkii,wild,256,,
aph_ast,Procambarus,fallax,Procambarus_fallax,wild,275,,
apo_dig,Leucosia,craniolaris,Leucosia_craniolaris,wild,150,,
apo_dig,Seulocia,sinica,Seulocia_sinica,wild,150,,
apo_leu,Leucosia,anatum,Leucosia_anatum,wild,150,,
apo_pul,Lyphira,heterograna,Lyphira_heterograna,wild,150,,
apo_pul,Pyrhila,carinata,Pyrhila_carinata,wild,150,,
apo_pul,Pyrhila,pisum,Pyrhila_pisum,wild,150,,
are_roh,Lithodes,santolla,Lithodes_santolla,wild,481,,
arg_pau,Crangon,franciscorum,Crangon_franciscorum,wild,471,,
asc_mar,Artemesia,longinaris,Artemesia_longinaris,wild,18,,
asc_mor,Carcinus,maenas,Carcinus_maenas,,67,,
asc_sp,Charybdis,japonica,Charybdis_japonica,,74,,
asc_sp,Hemiplax,hirtipes,Hemiplax_hirtipes,wild,83,,
asc_sp,Homarus,americanus,Homarus_americanus,,118,,
asc_sp,Ovalipes,catharus,Ovalipes_catharus,,74,,
asc_sp,Pinnotheres,pisum,Pinnotheres_pisum,wild,275,,
asp_awa,Homarus,americanus,Homarus_americanus,,126,,
asp_awa,Penaeus,vannamei,Penaeus_vannamei,,122,,
asp_fla,Penaeus,vannamei,Penaeus_vannamei,aquaculture,598,,
asp_par,Penaeus,vannamei,Penaeus_vannamei,aquaculture,598,,
ast_cir,Astacus,astacus,Astacus_astacus,,442,,
asy_des,Pagurus,longicarpus,Pagurus_longicarpus,,125,,
ath_bil,Pagurus,cuanensis,Pagurus_cuanensis,,125,,
ath_cla,Pagurus,cuanensis,Pagurus_cuanensis,,125,,
ath_int,Pagurus,cuanensis,Pagurus_cuanensis,,125,,
ath_pag,Pagurus,bernhardus,Pagurus_bernhardus,,125,,
ath_ten,Anapagurus,chiroacanthus,Anapagurus_chiroacanthus,,125,,
aus_elo,Cherax,destructor,Cherax_destructor,,247,,
bac_a,Callinectes,sapidus,Callinectes_sapidus,,19,,
bac_b,Callinectes,sapidus,Callinectes_sapidus,,16,,
bat_den,Orconectes,virilis,Orconectes_virilis,,257,,
bat_den,Procambarus,clarkii,Procambarus_clarkii,both,622,,
bet_vir,Charybdis,bimaculata,Charybdis_bimaculata,wild,458,,
bet_vir,Pandalus,hypsinotus,Pandalus_hypsinotus,wild,458,,
bfv,Callinectes,sapidus,Callinectes_sapidus,,447,,
bmnv,Penaeus,japonicus,Penaeus_japonicus,,138,,
bmnv,Penaeus,semisulcatus,Penaeus_semisulcatus,,213,,
bop_dio,Diogenes,pugilator,Diogenes_pugilator,,125,,
bop_hip,Lebbeus,polaris,Lebbeus_polaris,,125,,
bop_sar,Saron,marmoratus,Saron_marmoratus,,224,,
bop_squ,Palaemon,adspersus,Palaemon_adspersus,,125,,
bop_squ,Palaemon,serratus,Palaemon_serratus,,125,,
bpsv,Palaemon,elegans,Palaemon_elegans,,"170, 172",,
bra_ast,Austropotamobius,pallipes,Austropotamobius_pallipes,wild,335,,
bra_ast,Pontastacus,leptodactylus,Pontastacus_leptodactylus,,235,,
bra_bal,Orconectes,limosus,Orconectes_limosus,wild,253,,
bra_hex,Astacus,astacus,Astacus_astacus,wild,385,,
bra_hex,Austropotamobius,pallipes,Austropotamobius_pallipes,wild,430,,
bra_hex,Austropotamobius,torrentium,Austropotamobius_torrentium,,235,,
bra_hex,Orconectes,limosus,Orconectes_limosus,wild,253,,
bra_hex,Pontastacus,leptodactylus,Pontastacus_leptodactylus,,235,,
bra_par,Orconectes,limosus,Orconectes_limosus,wild,253,,
bra_pen,Orconectes,limosus,Orconectes_limosus,wild,253,,
bri_cal,Lithodes,aequispinus,Lithodes_aequispinus,wild,"1, 2",,Sloan (1984)
bri_cal,Paralithodes,camtschaticus,Paralithodes_camtschaticus,wild,1,,
bri_cal,Paralithodes,platypus,Paralithodes_platypus,wild,"1, 2",,Hawkes et al. (1986)
bri_reg,Paralithodes,camtschaticus,Paralithodes_camtschaticus,wild,523,,
bri_reg,Paralithodes,platypus,Paralithodes_platypus,wild,523,,
cal_ven,Carcinus,maenas,Carcinus_maenas,,65,,
cal_viv,Callinectes,sapidus,Callinectes_sapidus,,447,,
can_cho,Domecia,acanthophora,Domecia_acanthophora,,90,,
can_cho,Domecia,hispida,Domecia_hispida,,220,,
can_cho,Dyspanopeus,sayi,Dyspanopeus_sayi,,90,,
can_cho,Eriphia,gonagra,Eriphia_gonagra,,90,,
can_cho,Hexapanopeus,angustifrons,Hexapanopeus_angustifrons,,90,,
can_cho,Neopanope,packardii,Neopanope_packardii,,220,,
can_cho,Panopeus,boekei,Panopeus_boekei,,90,,
can_cho,Panopeus,herbstii,Panopeus_herbstii,,220,,
can_cho,Panoplax,depressa,Panoplax_depressa,,"12, 90",,
can_cho,Paraliomera,dispar,Paraliomera_dispar,,220,,
can_cho,Rhithropanopeus,harrisii,Rhithropanopeus_harrisii,wild,"150, 220",,
can_cho,Scalopidia,spinosipes,Scalopidia_spinosipes,wild,150,,
car_car,Achelous,spinicarpus,Achelous_spinicarpus,,13,,
car_car,Achelous,spinimanus,Achelous_spinimanus,,13,,
car_car,Arenaeus,cribrarius,Arenaeus_cribrarius,wild,13,,
car_car,Callinectes,danae,Callinectes_danae,,13,,
car_car,Callinectes,ornatus,Callinectes_ornatus,wild,445,,
car_car,Callinectes,sapidus,Callinectes_sapidus,,16,,
car_car,Carcinus,maenas,Carcinus_maenas,,66,,
car_car,Charybdis,hellerii,Charybdis_hellerii,,13,,
car_car,Hepatus,pudibundus,Hepatus_pudibundus,,13,,
car_car,Libinia,ferreirae,Libinia_ferreirae,,13,,
car_car,Persephona,lichtensteinii,Persephona_lichtensteinii,,13,,
car_car,Persephona,mediterranea,Persephona_mediterranea,,13,,
car_epi,Metacarcinus,anthonyi,Metacarcinus_anthonyi,,15,,
car_err,Metacarcinus,magister,Metacarcinus_magister,,15,,
car_mit,Portunus,pelagicus,Portunus_pelagicus,wild,15,,
car_reg,Paralithodes,camtschaticus,Paralithodes_camtschaticus,wild,"2, 9",,
car_ser,Eurypanopeus,depressus,Eurypanopeus_depressus,,40,,
car_ser,Panopeus,americanus,Panopeus_americanus,,40,,
car_ser,Panopeus,herbstii,Panopeus_herbstii,,40,,
cbv,Callinectes,sapidus,Callinectes_sapidus,,447,,
ccbv,Crangon,crangon,Crangon_crangon,wild,33,,
cdbv,Cherax,destructor,Cherax_destructor,,76,,
cdspv,Cherax,destructor,Cherax_destructor,,241,,
cep_con,Pachygrapsus,marmoratus,Pachygrapsus_marmoratus,wild,514,,
cep_ind,Metapenaeus,dobsoni,Metapenaeus_dobsoni,wild,500,,
cep_ind,Penaeus,indicus,Penaeus_indicus,wild,549,,
cep_lep,Pontastacus,leptodactylus,Pontastacus_leptodactylus,wild,298,,
cep_pen,Penaeus,duorarum,Penaeus_duorarum,both,"533, 544",,
cep_sp,Penaeus,aztecus,Penaeus_aztecus,wild,533,,
cep_sp,Penaeus,brasiliensis,Penaeus_brasiliensis,wild,537,,
cep_sp,Penaeus,setiferus,Penaeus_setiferus,wild,533,,
cer_ema,Cancer,pagurus,Cancer_pagurus,wild,23,,
cer_ema,Carcinus,maenas,Carcinus_maenas,,56,,
cgv,Cherax,quadricarinatus,Cherax_quadricarinatus,,442,,
che_ifl,Cherax,quadricarinatus,Cherax_quadricarinatus,,461,,
chl_sp,Cancer,irroratus,Cancer_irroratus,,23,,
cho_can,Cancer,borealis,Cancer_borealis,,23,,
cho_can,Cancer,irroratus,Cancer_irroratus,,23,,
cho_ind,Portunus,pelagicus,Portunus_pelagicus,wild,15,,
cho_rot,Spirontocaris,liljeborgii,Spirontocaris_liljeborgii,,160,,
cho_sp,Metapenaeus,affinis,Metapenaeus_affinis,aquaculture,156,,
cho_sp,Metapenaeus,dobsoni,Metapenaeus_dobsoni,aquaculture,156,,
cho_sp,Penaeus,indicus,Penaeus_indicus,aquaculture,156,,
cho_sp,Penaeus,monodon,Penaeus_monodon,aquaculture,156,,
cit_fre,Austropotamobius,pallipes,Austropotamobius_pallipes,,442,,
cit_fre,Eriocheir,sinensis,Eriocheir_sinensis,,101,,
cit_fre,Procambarus,fallax,Procambarus_fallax,,273,,
cli_pag,Pagurus,bernhardus,Pagurus_bernhardus,,63,,
cmbv,Carcinus,maenas,Carcinus_maenas,,"31, 32, 33",,
cmnv,Penaeus,japonicus,Penaeus_japonicus,wild,549,,
cmnv,Penaeus,monodon,monodon,wild,549,,
cmnv,Penaeus,monodon,Penaeus_monodon,aquaculture,549,,
cmnv,Penaeus,vannamei,Penaeus_vannamei,wild,549,,
cobv,Chionoecetes,opilio,Chionoecetes_opilio,both,85,,
con_hab,Penaeus,duorarum,Penaeus_duorarum,wild,544,,
cop_ste,Maja,squinado,Maja_squinado,,492,,
cot_cur,Orconectes,limosus,Orconectes_limosus,,252,,
cot_sie,Pontastacus,leptodactylus,Pontastacus_leptodactylus,aquaculture,236,,
cot_var,Orconectes,limosus,Orconectes_limosus,,252,,
cox_che,Cherax,quadricarinatus,Cherax_quadricarinatus,,442,,
cpbv,Cancer,pagurus,Cancer_pagurus,wild,"1, 4, 23",,
cpsbv,Cancer,pagurus,Cancer_pagurus,wild,23,,
cqav,Cherax,quadricarinatus,Cherax_quadricarinatus,aquaculture,740,,
cqbv,Cherax,quadricarinatus,Cherax_quadricarinatus,wild,76,,
cqiv,Cherax,quadricarinatus,Cherax_quadricarinatus,,460,,
cqiv,Procambarus,clarkii,Procambarus_clarkii,lab,620,,
cqplv,Cherax,quadricarinatus,Cherax_quadricarinatus,,442,,
cqrv,Cherax,quadricarinatus,Cherax_quadricarinatus,,442,,
cre_cor,Orconectes,propinquus,Orconectes_propinquus,wild,255,,
csrv1,Callinectes,sapidus,Callinectes_sapidus,wild,,,
cyc_sta,Orconectes,limosus,Orconectes_limosus,,252,,
dac_bar,Liagore,rubromaculata,Liagore_rubromaculata,,125,,
dac_car,Iliacantha,liodactylus,Iliacantha_liodactylus,wild,150,,
dac_car,Iliacantha,subglobosa,Iliacantha_subglobosa,wild,150,,
dac_car,Randallia,trituberculata,Randallia_trituberculata,wild,150,,
dac_cat,Catoptrus,nitidus,Catoptrus_nitidus,,63,,
dac_mar,Pseudomyra,mbizi,Pseudomyra_mbizi,wild,150,,
dac_ric,Portunus,argentatus,Portunus_argentatus,wild,150,,
dac_ric,Portunus,tuberculosus,Portunus_tuberculosus,wild,150,,
dac_ric,Trapezia,cymodoce,Trapezia_cymodoce,wild,150,,
dac_sem,Catoptrus,nitidus,Catoptrus_nitidus,wild,150,,
dac_sem,Lentilumnus,latimanus,Lentilumnus_latimanus,wild,150,,
dac_sem,Lupocyclus,rotundatus,Lupocyclus_rotundatus,wild,150,,
dac_sey,Trapezia,glaberrima,Trapezia_glaberrima,,125,,
dac_sul,Callidactylus,asper,Callidactylus_asper,wild,150,,
dic_bos,Cherax,quadricarinatus,Cherax_quadricarinatus,wild,464,,
did_cam,Orconectes,limosus,Orconectes_limosus,wild,298,,
dip_sin,Portunus,sanquinolentus,Portunus_sanquinolentus,wild,607,,
dip_sin,Scylla,serrata,Scylla_serrata,wild,626,,
dip_tha,Thalamita,admete,Thalamita_admete,,63,,
dip_tha,Thalamita,prymna,Thalamita_prymna,,63,,
dis_sp,Carcinus,maenas,Carcinus_maenas,,57,,
dre_neg,Inachus,dorsettensis,Inachus_dorsettensis,,63,,
dre_neg,Macropodia,longirostris,Macropodia_longirostris,,63,,
dre_neg,Macropodia,rostrata,Macropodia_rostrata,,63,,
dre_ten,Charybdis,japonica,Charybdis_japonica,,10,,
ech_ree,Leptochela,aculeocaudata,Leptochela_aculeocaudata,,128,,
ech_sp,Cancer,pagurus,Cancer_pagurus,wild,23,,
eno_com,Carcinus,maenas,Carcinus_maenas,,67,,
ent_can,Cancer,pagurus,Cancer_pagurus,wild,"4, 452",,
ent_hep,Penaeus,monodon,Penaeus_monodon,,556,,
ent_hep,Penaeus,vannamei,Penaeus_vannamei,aquaculture,583,,
epi_chr,Pontastacus,leptodactylus,Pontastacus_leptodactylus,aquaculture,236,,
epi_ele,Penaeus,semisulcatus,Penaeus_semisulcatus,,207,,
epi_geo,Metapenaeopsis,barbata,Metapenaeopsis_barbata,,125,,
epi_geo,Parapenaeopsis,sculptilis,Parapenaeopsis_sculptilis,,125,,
epi_geo,Parapenaeopsis,stylifera,Parapenaeopsis_stylifera,,125,,
epi_ing,Parapenaeopsis,stylifera,Parapenaeopsis_stylifera,,526,,
epi_ing,Penaeus,aztecus,Penaeus_aztecus,wild,530,,
epi_ing,Penaeus,esculentus,Penaeus_esculentus,wild,2,,"Owens (1990, 1993)"
epi_ing,Penaeus,merguiensis,Penaeus_merguiensis,wild,189,,
epi_ing,Penaeus,semisulcatus,Penaeus_semisulcatus,wild,"2, 206",,"Owens (1990, 1993)"
epi_ova,Parapenaeopsis,stylifera,Parapenaeopsis_stylifera,,125,,
epi_qad,Parapenaeopsis,stylifera,Parapenaeopsis_stylifera,,125,,
epi_sp,Austropotamobius,pallipes,Austropotamobius_pallipes,wild,297,,
epi_sp,Metapenaeus,affinis,Metapenaeus_affinis,aquaculture,156,,
epi_sp,Metapenaeus,dobsoni,Metapenaeus_dobsoni,aquaculture,156,,
epi_sp,Penaeus,indicus,Penaeus_indicus,aquaculture,156,,
epi_sp,Penaeus,monodon,Penaeus_monodon,aquaculture,156,,
epi_sp,Penaeus,semisulcatus,Penaeus_semisulcatus,aquaculture,156,,
es_rnv,Eriocheir,sinensis,Eriocheir_sinensis,,97,,
esrv,Eriocheir,sinensis,Eriocheir_sinensis,,"94, 472",,
eut_ruf,Cancer,pagurus,Cancer_pagurus,wild,23,,
eut_ruf,Carcinus,maenas,Carcinus_maenas,,66,,
exo_can,Ucides,cordatus,Ucides_cordatus,wild,634,,
fdnv,Penaeus,duorarum,Penaeus_duorarum,wild,540,,
fec_ery,Cancer,pagurus,Cancer_pagurus,wild,"1, 4, 452",,
fec_ery,Carcinus,maenas,Carcinus_maenas,wild,"1, 54, 55",,
fil_ana,Astacus,astacus,Astacus_astacus,,442,,
fil_sp,Carcinus,maenas,Carcinus_maenas,,57,,
foe_sp,Carcinus,maenas,Carcinus_maenas,,51,,
fre_oli,Libinia,dubia,Libinia_dubia,,132,,
fus_mon,Penaeus,japonicus,Penaeus_japonicus,,146,,
fus_oxy,Austropotamobius,pallipes,Austropotamobius_pallipes,wild,298,,
fus_oxy,Pacifastacus,leptodactylus,Pacifastacus_leptodactylus,wild,298,,
fus_oxy,Penaeus,japonicus,Penaeus_japonicus,,148,,
fus_oxy,Penaeus,vannamei,Penaeus_vannamei,aquaculture,598,,
fus_sol,Pacifastacus,leniusculus,Pacifastacus_leniusculus,lab,264,,
fus_sol,Penaeus,californiensis,Penaeus_californiensis,lab,539,,
fus_sol,Penaeus,japonicus,Penaeus_japonicus,,145,,
fus_sol,Pontastacus,leptodactylus,Pontastacus_leptodactylus,wild,"264, 298",,
fus_sp,Homarus,americanus,Homarus_americanus,,113,,
fus_sp,Panulirus,ornatus,Panulirus_ornatus,,181,,
fus_sp,Penaeus,aztecus,Penaeus_aztecus,lab,195,,
fus_sp,Penaeus,semisulcatus,Penaeus_semisulcatus,,209,,
fus_sp,Penaeus,setiferus,Penaeus_setiferus,lab,195,,
gaf_hom,Cancer,irroratus,Cancer_irroratus,,25,,
gaf_hom,Homarus,americanus,Homarus_americanus,,110,,
gav,Penaeus,esculentus,Penaeus_esculentus,lab,201,,
gav,Penaeus,merguiensis,Penaeus_merguiensis,lab,201,,
gav,Penaeus,monodon,Penaeus_monodon,lab,201,,
geo_sp,Penaeus,vannamei,Penaeus_vannamei,aquaculture,587,,
gig_hai,Atergatis,floridus,Atergatis_floridus,wild,150,,
gig_ish,Carpilius,convexus,Carpilius_convexus,wild,150,,
gig_ish,Liagore,rubromaculata,Liagore_rubromaculata,wild,150,,
gig_pet,Petalomera,pulchra,Petalomera_pulchra,wild,150,,
gig_rho,Eucrate,alcocki,Eucrate_alcocki,wild,150,,
gig_rho,Heteroplax,dentata,Heteroplax_dentata,wild,150,,
gig_tau,Carcinoplax,longimanus,Carcinoplax_longimanus,wild,150,,
gil_per,Penaeus,monodon,Penaeus_monodon,aquaculture,560,,
gra_cav,Pachygrapsus,marmoratus,Pachygrapsus_marmoratus,wild,514,,
gra_mic,Trapezia,cymodoce,Trapezia_cymodoce,,125,,
gra_mic,Trapezia,dentata,Trapezia_dentata,,125,,
gra_mic,Trapezia,glaberrima,Trapezia_glaberrima,,125,,
gra_mic,Trapezia,guttata,Trapezia_guttata,,125,,
gri_hol,Procambarus,fallax,Procambarus_fallax,,273,,
gyg_bra,Upogebia,pusilla,Upogebia_pusilla,wild,635,,
hal_mil,Homarus,americanus,Homarus_americanus,aquaculture,"1, 121",,
hal_mil,Portunus,trituberculatus,Portunus_trituberculatus,aquaculture,503,,
hal_mil,Scylla,serrata,Scylla_serrata,aquaculture,630,,
hal_oki,Charybdis,japonica,Charybdis_japonica,lab,77,,
hal_oki,Chionoecetes,opilio,Chionoecetes_opilio,lab,77,,
hal_oki,Crangon,cassiope,Crangon_cassiope,lab,77,,
hal_oki,Portunus,trituberculatus,Portunus_trituberculatus,wild,77,,
hal_par,Metapenaeus,ensis,Metapenaeus_ensis,,503,,
hal_sp,Jasus,edwardsii,Jasus_edwardsii,aquaculture,1,,
hap_cad,Rhithropanopeus,harrisii,Rhithropanopeus_harrisii,,222,,
hap_lit,Carcinus,maenas,Carcinus_maenas,,"43, 44",,
hap_lou,Panopeus,herbstii,Panopeus_herbstii,,50,,
hap_sp,Cancer,pagurus,Cancer_pagurus,wild,"4, 452",,
hap_sp,Eurypanopeus,depressus,Eurypanopeus_depressus,,50,,
hap_sp,Panopeus,herbstii,Panopeus_herbstii,,50,,
hap_sp,Penaeus,vannamei,Penaeus_vannamei,aquaculture,594,,
hap_sp,Rhithropanopeus,harrisii,Rhithropanopeus_harrisii,,223,,
hbl,Palaemon,elegans,Palaemon_elegans,,"171, 172",,
hem_abd,Pandalus,borealis,Pandalus_borealis,wild,520,,
hem_aus,Portunus,pelagicus,Portunus_pelagicus,wild,601,,
hem_per,Callinectes,sapidus,Callinectes_sapidus,wild,"1, 2, 22",,
hem_per,Carcinus,maenas,Carcinus_maenas,wild,"1, 33, 46, 47, 48",,
hem_per,Portunus,trituberculatus,Portunus_trituberculatus,wild,557,,
hem_sp,Cancer,borealis,Cancer_borealis,wild,1,,Stentiford et al 2002
hem_sp,Cancer,irroratus,Cancer_irroratus,wild,"1, 24",,
hem_sp,Cancer,pagurus,Cancer_pagurus,wild,"2, 4, 452",,Stentiford (2008)
hem_sp,Chionoecetes,bairdi,Chionoecetes_bairdi,wild,"1, 2",,Meyers et al. (1987)
hem_sp,Chionoecetes,opilio,Chionoecetes_opilio,wild,"1, 2, 82",,"Shields et al. (2005, 2007)"
hem_sp,Eurypanopeus,depressus,Eurypanopeus_depressus,,83,,
hem_sp,Hexapanopeus,angustifrons,Hexapanopeus_angustifrons,,91,,
hem_sp,Hyas,coarctatus,Hyas_coarctatus,wild,480,,
hem_sp,Libinia,dubia,Libinia_dubia,,131,,
hem_sp,Liocarcinus,depurator,Liocarcinus_depurator,wild,1,,
hem_sp,Menippe,mercenaria,Menippe_mercenaria,wild,475,,
hem_sp,Metacarcinus,magister,Metacarcinus_magister,wild,494,,
hem_sp,Necora,puber,Necora_puber,,167,,
hem_sp,Nephrops,norvegicus,Nephrops_norvegicus,wild,"1, 2",wild,Field et al. (1992) and Stentiford et al. (2001)
hem_sp,Panopeus,herbstii,Panopeus_herbstii,,83,,
hem_sp,Paralithodes,camtschaticus,Paralithodes_camtschaticus,wild,"1, 185, 186",,
hem_sp,Paralithodes,platypus,Paralithodes_platypus,wild,"185, 186",,
hem_sp,Penaeus,monodon,Penaeus_monodon,aquaculture,557,,
hem_sp,Scylla,serrata,Scylla_serrata,aquaculture,1,,
hep_eri,Eriocheir,sinensis,Eriocheir_sinensis,wild,95,,
hep_sp,Cancer,pagurus,Cancer_pagurus,wild,448,,
herp,Eriocheir,sinensis,Eriocheir_sinensis,,,,
herp,Paralithodes,camtschaticus,Paralithodes_camtschaticus,lab,166,,
herp,Paralithodes,platypus,Paralithodes_platypus,wild,"2, 166",,Sparks and Morado (1986)
het_bac,Orconectes,virilis,Orconectes_virilis,,259,,
het_dol,Charybdis,longicollis,Charybdis_longicollis,,79,,
het_dol,Portunus,segnis,Portunus_segnis,,79,,
het_ind,Portunus,pelagicus,Portunus_pelagicus,wild,1,,
het_lun,Charybdis,callianassa,Charybdis_callianassa,,63,,
het_mar,Orconectes,virilis,Orconectes_virilis,,259,,
het_pap,Charybdis,bimaculata,Charybdis_bimaculata,,10,,
het_pap,Charybdis,japonica,Charybdis_japonica,,10,,
het_pap,Charybdis,truncata,Charybdis_truncata,,63,,
het_rug,Lissocarcinus,orbicularis,Lissocarcinus_orbicularis,,63,,
het_rug,Thalamita,prymna,Thalamita_prymna,,63,,
het_sib,Thalamita,admete,Thalamita_admete,,63,,
his_hom,Homarus,americanus,Homarus_americanus,,118,,
hpv,Metapenaeus,affinis,Metapenaeus_affinis,,153,,
hpv,Metapenaeus,dobsoni,Metapenaeus_dobsoni,,153,,
hpv,Metapenaeus,elegans,Metapenaeus_elegans,,153,,
hpv,Metapenaeus,ensis,Metapenaeus_ensis,,153,,
hpv,Metapenaeus,monoceros,Metapenaeus_monoceros,wild,153,,
hpv,Parapenaeopsis,stylifera,Parapenaeopsis_stylifera,,153,,
hpv,Penaeus,indicus,Penaeus_indicus,,153,,
hpv,Penaeus,japonicus,Penaeus_japonicus,,"140, 153",,
hpv,Penaeus,merguiensis,Penaeus_merguiensis,,190,,
hpv,Penaeus,monodon,Penaeus_monodon,,153,,
hpv,Penaeus,semisulcatus,Penaeus_semisulcatus,,153,,
hpv,Solenocera,choprai,Solenocera_choprai,wild,153,,
hyp_ind,Homarus,americanus,Homarus_americanus,,121,,
hys_rel,Callinectes,sapidus,Callinectes_sapidus,,447,,
hys_sp,Homarus,americanus,Homarus_americanus,,120,,
hys_sp,Metapenaeus,dobsoni,Metapenaeus_dobsoni,wild,500,,
hys_sp,Penaeus,brasiliensis,Penaeus_brasiliensis,wild,534,,
hys_sp,Penaeus,duorarum,Penaeus_duorarum,wild,541,,
hys_sp,Penaeus,setiferus,Penaeus_setiferus,wild,571,,
ihhn,Artemesia,longinaris,Artemesia_longinaris,wild,175,,
ihhn,Metapenaeus,monoceros,Metapenaeus_monoceros,wild,506,,
ihhn,Palaemon,macrodactylus,Palaemon_macrodactylus,,175,,
ihhn,Penaeus,aztecus,Penaeus_aztecus,wild,532,,
ihhn,Penaeus,japonicus,Penaeus_japonicus,,142,,
ihhn,Penaeus,merguiensis,Penaeus_merguiensis,,204,,
ihhn,Penaeus,monodon,Penaeus_monodon,lab,142,,
ihhn,Penaeus,semisulcatus,Penaeus_semisulcatus,,211,,
ihhn,Penaeus,setiferus,Penaeus_setiferus,wild,573,,
ihhn,Penaeus,stylirostris,Penaeus_stylirostris,both,"1, 2, 142",,
ihhn,Penaeus,subtilis,Penaeus_subtilis,both,216,,
ihhn,Penaeus,vannamei,Penaeus_vannamei,both,"142, 187",,
ihhn,Procambarus,clarkii,Procambarus_clarkii,aquaculture,618,,
imnv,Penaeus,monodon,Penaeus_monodon,lab,562,,
imnv,Penaeus,stylirostris,Penaeus_stylirostris,lab,576,,
imnv,Penaeus,subtilis,Penaeus_subtilis,both,216,,
imnv,Penaeus,vannamei,Penaeus_vannamei,both,216,,
ion_cor,Neotrypaea,californiensis,Neotrypaea_californiensis,,509,,
ipnv,Astacus,astacus,Astacus_astacus,lab,86,,
ipnv,Palaemon,elegans,Palaemon_elegans,lab,169,,
ipnv,Pandalus,borealis,Pandalus_borealis,lab,169,,
joh_arc,Chionoecetes,opilio,Chionoecetes_opilio,,87,,
joh_arc,Hyas,coarctatus,Hyas_coarctatus,wild,87,,
joh_arc,Paralithodes,camtschaticus,Paralithodes_camtschaticus,wild,"182, 183",,
lag_sp,Penaeus,monodon,Penaeus_monodon,aquaculture,156,,
lag_sp,Penaeus,semisulcatus,Penaeus_semisulcatus,aquaculture,212,,
lagen_cal,Callinectes,sapidus,Callinectes_sapidus,wild,130,,
lagen_cal,Homarus,americanus,Homarus_americanus,aquaculture,112,resistant in wild,
lagen_cal,Libinia,dubia,Libinia_dubia,wild,130,,
lagen_cal,Menippe,mercenaria,Menippe_mercenaria,lab,130,,
lagen_cal,Palaemon,macrodactylus,Palaemon_macrodactylus,lab,174,resistant in wild,
lagen_cal,Panopeus,herbstii,Panopeus_herbstii,,130,,
lei_dis,Ucides,cordatus,Ucides_cordatus,wild,633,,
lep_mar,Callinectes,sapidus,Callinectes_sapidus,,447,,
lep_mar,Penaeus,monodon,Penaeus_monodon,both,156,,
ler_ing,Munida,tenuimana,Munida_tenuimana,,63,,
leu_muc,Homarus,americanus,Homarus_americanus,aquaculture,108,,
lev_cap,Callinectes,sapidus,Callinectes_sapidus,,447,,
lev_car,Cancer,pagurus,Cancer_pagurus,wild,59,,
lev_car,Carcinus,maenas,Carcinus_maenas,wild,59,,
lev_con,Hemigrapsus,penicillatus,Hemigrapsus_penicillatus,,107,,
lox_ari,Atergatis,floridus,Atergatis_floridus,,63,,
lox_car,Portunus,hastatoides,Portunus_hastatoides,,63,,
lox_cor,Atergatis,floridus,Atergatis_floridus,,63,,
lox_ihl,Scylla,serrata,Scylla_serrata,wild,631,,
lox_kos,Caphyra,loevis,Caphyra_loevis,,63,,
lox_kos,Lissocarcinus,polybiodes,Lissocarcinus_polybiodes,,63,,
lox_kos,Portunus,hastatoides,Portunus_hastatoides,,63,,
lox_kos,Thalamita,admete,Thalamita_admete,,63,,
lox_kos,Thalamita,prymna,Thalamita_prymna,,63,,
lox_nie,Charybdis,truncata,Charybdis_truncata,,10,,
lox_pan,Dyspanopeus,sayi,Dyspanopeus_sayi,,88,,
lox_pan,Eurypanopeus,depressus,Eurypanopeus_depressus,,221,,
lox_pan,Lophopanopeus,bellus,Lophopanopeus_bellus,,221,,
lox_pan,Lophopanopeus,diegensis,Lophopanopeus_diegensis,,221,,
lox_pan,Panopeus,herbstii,Panopeus_herbstii,,221,,
lox_pan,Panopeus,lacustris,Panopeus_lacustris,,88,,
lox_pan,Panopeus,obesus,Panopeus_obesus,,88,,
lox_pan,Panopeus,occidentalis,Panopeus_occidentalis,,221,,
lox_pan,Panopeus,simpsoni,Panopeus_simpsoni,,88,,
lox_pan,Rhithropanopeus,harrisii,Rhithropanopeus_harrisii,,221,,
lox_pan,Tetraplax,quadridentata,Tetraplax_quadridentata,,221,,
lox_pan,Tetraxanthus,rathbunae,Tetraxanthus_rathbunae,,88,,
lox_set,Calappa,hepatica,Calappa_hepatica,,70,,
lox_tex,Callinectes,danae,Callinectes_danae,,11,,
lox_tex,Callinectes,marginatus,Callinectes_marginatus,,221,,
lox_tex,Callinectes,ornatus,Callinectes_ornatus,lab,446,,
lox_tex,Callinectes,sapidus,Callinectes_sapidus,wild,"1, 221",,
lsnv,Metapenaeus,dobsoni,Metapenaeus_dobsoni,,498,,
lsnv,Penaeus,merguiensis,Penaeus_merguiensis,both,498,,
lsnv,Penaeus,monodon,Penaeus_monodon,both,498,,
lsnv,Penaeus,vannamei,Penaeus_vannamei,,498,,
mar_jeb,Hemigrapsus,sanguineus,Hemigrapsus_sanguineus,,107,,
mar_lon,Hemigrapsus,penicillatus,Hemigrapsus_penicillatus,,107,,
mar_por,Carcinus,maenas,Carcinus_maenas,,61,,
mar_set,Hemigrapsus,penicillatus,Hemigrapsus_penicillatus,,107,,
mar_set,Hemigrapsus,sanguineus,Hemigrapsus_sanguineus,,107,,
mar_sp,Upogebia,pusilla,Upogebia_pusilla,wild,635,,
mar_sub,Cancer,pagurus,Cancer_pagurus,,58,,
mar_sub,Carcinus,maenas,Carcinus_maenas,,58,,
mbv,Metapenaeus,bennettae,Metapenaeus_bennettae,wild,159,,
mbv,Metapenaeus,dobsoni,Metapenaeus_dobsoni,wild,159,,
mbv,Metapenaeus,elegans,Metapenaeus_elegans,wild,159,,
mbv,Metapenaeus,monoceros,Metapenaeus_monoceros,wild,159,,
mbv,Parapenaeopsis,stylifera,Parapenaeopsis_stylifera,wild,159,,
mbv,Penaeus,indicus,Penaeus_indicus,wild,159,,
mbv,Penaeus,kerathurus,Penaeus_kerathurus,,159,,
mbv,Penaeus,merguiensis,Penaeus_merguiensis,,159,,
mbv,Penaeus,monodon,Penaeus_monodon,aquaculture,159,,
mbv,Penaeus,semisulcatus,Penaeus_semisulcatus,,159,,
mbv,Penaeus,vannamei,Penaeus_vannamei,lab,589,,
mbv,Solenocera,choprai,Solenocera_choprai,wild,159,,
mcdv,Scylla,serrata,Scylla_serrata,wild,627,,
meg_car,Carcinus,maenas,Carcinus_maenas,,60,,
meg_dio,Callinectes,sapidus,Callinectes_sapidus,,447,,
met_bic,Portunus,trituberculatus,Portunus_trituberculatus,aquaculture,616,,
met_int,Palaemonella,rotumana,Palaemonella_rotumana,,176,,
mic_bas,Callinectes,sapidus,Callinectes_sapidus,,447,,
mic_bit,Carcinus,maenas,Carcinus_maenas,,62,,
mic_fon,Procambarus,clarkii,Procambarus_clarkii,,442,,
mic_jap,Hemigrapsus,penicillatus,Hemigrapsus_penicillatus,,107,,
mic_jap,Hemigrapsus,sanguineus,Hemigrapsus_sanguineus,,107,,
mic_min,Cherax,destructor,Cherax_destructor,,442,,
mic_nic,Callinectes,sapidus,Callinectes_sapidus,,447,,
mic_pac,Pachygrapsus,marmoratus,Pachygrapsus_marmoratus,wild,514,,
mic_pri,Cancer,pagurus,Cancer_pagurus,wild,"4, 452",,"(Saville and Irwin, 2005"
mic_pri,Carcinus,maenas,Carcinus_maenas,,60,,
mic_pyg,Penaeus,duorarum,Penaeus_duorarum,wild,544,,
mic_sim,Cancer,pagurus,Cancer_pagurus,wild,23,,
mic_sim,Carcinus,maenas,Carcinus_maenas,,"60, 64",,
mic_sp,Orconectes,rusticus,Orconectes_rusticus,,254,,
mic_sp,Orconectes,virilis,Orconectes_virilis,,254,,
mnrv,Macrobrachium,nipponense,Macrobrachium_nipponense,aquaculture,489,,
mon_dis,Carcinus,maenas,Carcinus_maenas,,,,
mov,Penaeus,japonicus,Penaeus_japonicus,aquaculture,136,,
mov,Penaeus,merguiensis,Penaeus_merguiensis,,205,,
mov,Penaeus,monodon,Penaeus_monodon,both,564,,
mrnv,Cherax,quadricarinatus,Cherax_quadricarinatus,lab,465,,
mrnv,Penaeus,indicus,Penaeus_indicus,,547,,
mrnv,Penaeus,monodon,Penaeus_monodon,lab,563,,
mrnv,Penaeus,vannamei,Penaeus_vannamei,aquaculture,593,,
myo_met,Metanephrops,challengeri,Metanephrops_challengeri,wild,497,,
myz_lug,Callinectes,sapidus,Callinectes_sapidus,,447,,
myz_pla,Callinectes,bocourti,Callinectes_bocourti,,14,,
nad_can,Cancer,productus,Cancer_productus,wild,454,,
nad_can,Metacarcinus,magister,Metacarcinus_magister,wild,1,,
nec_agi,Anapagurus,hyndmanni,Anapagurus_hyndmanni,wild,127,,
nec_agi,Anapagurus,laevis,Anapagurus_laevis,wild,127,,
nec_agi,Cancer,borealis,Cancer_borealis,wild,127,,
nec_agi,Cancer,irroratus,Cancer_irroratus,wild,127,,
nec_agi,Diogenes,pugilator,Diogenes_pugilator,wild,127,,
nec_agi,Erimacrus,isenbeckii,Erimacrus_isenbeckii,wild,127,,
nec_agi,Eusergestes,arcticus,Eusergestes_arcticus,wild,127,,
nec_agi,Hemigrapsus,sexdentatus,Hemigrapsus_sexdentatus,wild,127,,
nec_agi,Homarus,americanus,Homarus_americanus,,127,,
nec_agi,Lebbeus,polaris,Lebbeus_polaris,wild,127,,
nec_agi,Liocarcinus,navigator,Liocarcinus_navigator,wild,127,,
nec_agi,Liocarcinus,pusillus,Liocarcinus_pusillus,wild,127,,
nec_agi,Macropodia,rostrata,Macropodia_rostrata,wild,127,,
nec_agi,Munida,sarsi,Munida_sarsi,wild,127,,
nec_agi,Munida,tenuimana,Munida_tenuimana,wild,127,,
nec_agi,Pagurus,acadianus,Pagurus_acadianus,wild,127,,
nec_agi,Pagurus,bernhardus,Pagurus_bernhardus,wild,127,,
nec_agi,Pagurus,cuanensis,Pagurus_cuanensis,wild,127,,
nec_agi,Pagurus,pubescens,Pagurus_pubescens,wild,127,,
nec_agi,Palaemon,serratus,Palaemon_serratus,wild,127,,
nec_agi,Palaemon,vulgaris,Palaemon_vulgaris,wild,127,,
nec_agi,Pandalus,borealis,Pandalus_borealis,wild,127,,
nec_agi,Pandalus,montagui,Pandalus_montagui,wild,127,,
nec_agi,Pontophilus,norvegicus,Pontophilus_norvegicus,wild,127,,
nem_bra,Penaeus,brasiliensis,Penaeus_brasiliensis,wild,537,,
nem_ind,Metapenaeus,dobsoni,Metapenaeus_dobsoni,wild,500,,
nem_ind,Penaeus,indicus,Penaeus_indicus,wild,549,,
nem_leg,Dyspanopeus,sayi,Dyspanopeus_sayi,wild,89,,
nem_ost,Eurypanopeus,depressus,Eurypanopeus_depressus,,125,,
nem_ost,Eurytium,limosum,Eurytium_limosum,,125,,
nem_ost,Menippe,adina,Menippe_adina,lab,473,,
nem_ost,Panopeus,herbstii,Panopeus_herbstii,,125,,
nem_pan,Panopeus,herbstii,Panopeus_herbstii,,42,,
nem_pan,Panopeus,occidentalis,Panopeus_occidentalis,,42,,
nem_pen,Penaeus,duorarum,Penaeus_duorarum,aquaculture,544,,
nem_por,Carcinus,aestuarii,Carcinus_aestuarii,,42,,
nem_por,Carcinus,maenas,Carcinus_maenas,,42,,
nem_por,Liocarcinus,navigator,Liocarcinus_navigator,,42,,
nem_pry,Menippe,mercenaria,Menippe_mercenaria,wild,651,,
nemat_sp,Penaeus,aztecus,Penaeus_aztecus,wild,533,,
nemat_sp,Penaeus,duorarum,Penaeus_duorarum,wild,533,,
nemat_sp,Penaeus,monodon,Penaeus_monodon,wild,561,,
nemat_sp,Penaeus,setiferus,Penaeus_setiferus,wild,533,,
neo_pem,Homarus,americanus,Homarus_americanus,wild,"2, 121",,"Mullen et al. (2004, 2005)"
neo_pla,Neohelice,granulata,Neohelice_granulata,,39,,
nhp,Homarus,americanus,Homarus_americanus,,123,,
nhp,Penaeus,aztecus,Penaeus_aztecus,wild,531,,
nic_ast,Homarus,americanus,Homarus_americanus,wild,124,,
nic_ast,Homarus,gammarus,Homarus_gammarus,wild,477,,
noc_sp,Austropotamobius,pallipes,Austropotamobius_pallipes,,442,,
nos_nel,Metapenaeus,monoceros,Metapenaeus_monoceros,wild,156,,
nos_sap,Callinectes,sapidus,Callinectes_sapidus,,447,,
nos_sp,Libinia,dubia,Libinia_dubia,wild,129,,
nos_spe,Carcinus,maenas,Carcinus_maenas,,42,,
not_cyc,Paralithodes,camtschaticus,Paralithodes_camtschaticus,,14,,
oct_bull,Scylla,serrata,Scylla_serrata,wild,626,,
odh_sp,Palaemon,macrodactylus,Palaemon_macrodactylus,wild,515,,
onk_art,Euclosiana,unidentata,Euclosiana_unidentata,wild,150,,
onk_art,Leucosia,longibrachia,Leucosia_longibrachia,wild,150,,
onk_bei,Euclosiana,unidentata,Euclosiana_unidentata,wild,150,,
onk_bei,Leucosia,longibrachia,Leucosia_longibrachia,wild,150,,
ope_fel,Artemesia,longinaris,Artemesia_longinaris,wild,12,,
ope_fim,Penaeus,aztecus,Penaeus_aztecus,wild,534,,
ope_fim,Penaeus,duorarum,Penaeus_duorarum,,194,,
ope_fim,Penaeus,setiferus,Penaeus_setiferus,wild,571,,
oph_sp,Cancer,pagurus,Cancer_pagurus,,451,,
orb_bon,Metapenaeus,dobsoni,Metapenaeus_dobsoni,wild,161,,
orb_bon,Metapenaeus,monoceros,Metapenaeus_monoceros,wild,161,,
orb_bon,Palaemon,lamarrei,Palaemon_lamarrei,wild,161,,
ovi_par,Paralithodes,camtschaticus,Paralithodes_camtschaticus,wild,524,,
pac_ret,Cancer,productus,Cancer_productus,wild,455,,
pag_ala,Pagurus,longicarpus,Pagurus_longicarpus,,125,,
pal_ben,Metapenaeus,dobsoni,Metapenaeus_dobsoni,wild,500,,
par_can,Cancer,pagurus,Cancer_pagurus,wild,"4, 452",,
par_car,Carcinus,maenas,Carcinus_maenas,wild,45,,
par_con,Metapenaeopsis,barbata,Metapenaeopsis_barbata,,125,,
par_exp,Penaeus,latisulcatus,Penaeus_latisulcatus,wild,551,,
par_exp,Penaeus,longistylus,Penaeus_longistylus,wild,551,,
par_het,Penaeus,brasiliensis,Penaeus_brasiliensis,wild,537,,
par_irv,Pandalus,montagui,Pandalus_montagui,wild,468,,
par_jap,Metapenaeopsis,barbata,Metapenaeopsis_barbata,,125,,
par_jap,Metapenaeopsis,hilarula,Metapenaeopsis_hilarula,,125,,
par_jap,Metapenaeopsis,sinica,Metapenaeopsis_sinica,,125,,
par_jap,Metapenaeopsis,velutina,Metapenaeopsis_velutina,,125,,
par_jap,Metapenaeus,monoceros,Metapenaeus_monoceros,,125,,
par_jap,Parapenaeopsis,sculptilis,Parapenaeopsis_sculptilis,,125,,
par_mon,Penaeus,brasiliensis,Penaeus_brasiliensis,wild,537,,
par_pan,Penaeus,aztecus,Penaeus_aztecus,wild,537,,
par_pan,Penaeus,brasiliensis,Penaeus_brasiliensis,wild,537,,
par_pan,Penaeus,duorarum,Penaeus_duorarum,wild,537,,
par_pan,Penaeus,setiferus,Penaeus_setiferus,wild,537,,
par_per,Callinectes,sapidus,Callinectes_sapidus,wild,"1, 2, 23",,Sprague and Beckett (1966)
par_per,Cancer,irroratus,Cancer_irroratus,,23,,
par_rac,Diogenes,pugilator,Diogenes_pugilator,,125,,
par_sp,Homarus,americanus,Homarus_americanus,,119,,
par_wes,Eriocheir,sinensis,Eriocheir_sinensis,,93,,
para_can,Cancer,pagurus,Cancer_pagurus,,450,,
pav1,Panulirus,argus,Panulirus_argus,both,1,,Shields and Behringer (2004) and Behringer et al. (2012)
pbrv,Palaemon,elegans,Palaemon_elegans,,172,,
pel_pag,Pagurus,bernhardus,Pagurus_bernhardus,,63,,
pel_sul,Anapagurus,chiroacanthus,Anapagurus_chiroacanthus,,63,,
pel_sul,Anapagurus,hyndmanni,Anapagurus_hyndmanni,,63,,
pel_sul,Anapagurus,laevis,Anapagurus_laevis,,63,,
pel_sul,Pagurus,bernhardus,Pagurus_bernhardus,,63,,
pel_sul,Pagurus,cuanensis,Pagurus_cuanensis,,63,,
pel_sul,Pagurus,prideaux,Pagurus_prideaux,,63,,
pel_sul,Pagurus,pubescens,Pagurus_pubescens,,63,,
pen_sp,Penaeus,monodon,Penaeus_monodon,aquaculture,156,,
per_aff,Metapenaeus,affinis,Metapenaeus_affinis,,156,,
per_aff,Penaeus,semisulcatus,Penaeus_semisulcatus,,156,,
per_nel,Metapenaeus,monoceros,Metapenaeus_monoceros,wild,162,,
per_nel,Parapenaeus,longirostris,Parapenaeus_longirostris,wild,162,,
per_nel,Penaeus,aztecus,Penaeus_aztecus,wild,162,,
per_nel,Penaeus,duorarum,Penaeus_duorarum,wild,162,,
per_nel,Penaeus,esculentus,Penaeus_esculentus,wild,162,,
per_nel,Penaeus,merguiensis,Penaeus_merguiensis,wild,162,,
per_nel,Penaeus,notialis,Penaeus_notialis,wild,162,,
per_nel,Penaeus,semisulcatus,Penaeus_semisulcatus,wild,162,,
per_nel,Penaeus,setiferus,Penaeus_setiferus,wild,162,,
per_nel,Solenocera,vioscai,Solenocera_vioscai,wild,162,,
per_nel,Xiphopenaeus,kroyeri,Xiphopenaeus_kroyeri,wild,162,,
pho_dam,Penaeus,monodon,Penaeus_monodon,aquaculture,559,,
phy_les,Macrobrachium,asperulum,Macrobrachium_asperulum,wild,239,,
phy_sex,Penaeus,setiferus,Penaeus_setiferus,wild,572,,
pic_vir,Eriocheir,sinensis,Eriocheir_sinensis,,102,,
pin_ver,Pinnotheres,pisum,Pinnotheres_pisum,wild,275,,
pla_olr,Hyas,araneus,Hyas_araneus,,87,,
pla_olr,Sclerocrangon,boreas,Sclerocrangon_boreas,,87,,
plbv,Pacifastacus,leniusculus,Pacifastacus_leniusculus,wild,277,,
ple_sp,Penaeus,duorarum,Penaeus_duorarum,wild,543,,
pmergdnv,Cherax,quadricarinatus,Cherax_quadricarinatus,lab,442,,
pmergdnv,Penaeus,merguiensis,Penaeus_merguiensis,,442,,
pmergdnv,Scylla,serrata,Scylla_serrata,aquaculture,629,,
pmnv,Penaeus,monodon,Penaeus_monodon,,555,,
pol_gre,Eriocheir,sinensis,Eriocheir_sinensis,aquaculture,104,freshwater,
pol_pol,Hemigrapsus,sanguineus,Hemigrapsus_sanguineus,,107,,
pol_sp,Penaeus,merguiensis,Penaeus_merguiensis,wild,202,,
poly_sp,Penaeus,duorarum,Penaeus_duorarum,aquaculture,544,,
poly_sp,Penaeus,setiferus,Penaeus_setiferus,wild,570,,
poly_sp,Portunus,pelagicus,Portunus_pelagicus,wild,605,,
por_con,Hemigrapsus,oregonensis,Hemigrapsus_oregonensis,,125,,
por_gig,Homarus,americanus,Homarus_americanus,,"118, 120",,
por_mae,Carcinus,maenas,Carcinus_maenas,,71,,
por_mon,Necora,puber,Necora_puber,,125,,
por_nep,Nephrops,norvegicus,Nephrops_norvegicus,wild,497,,
pot_mac,Macrobrachium,nipponense,Macrobrachium_nipponense,aquaculture,488,,
ppbv,Pinnotheres,pisum,Pinnotheres_pisum,wild,275,,
pri_fra,Carcinus,maenas,Carcinus_maenas,,"72, 73",,
pri_fra,Liocarcinus,holsatus,Liocarcinus_holsatus,,125,,
pro_alt,Emerita,analoga,Emerita_analoga,wild,168,,
pro_ant,Hemigrapsus,crenulatus,Hemigrapsus_crenulatus,wild,168,,
pro_asa,Hemigrapsus,penicillatus,Hemigrapsus_penicillatus,,107,,
pro_asa,Hemigrapsus,sanguineus,Hemigrapsus_sanguineus,,107,,
pro_bit,Macrobrachium,amazonicum,Macrobrachium_amazonicum,wild,485,,
pro_biz,Cherax,destructor,Cherax_destructor,wild,168,,
pro_bot,Carcinus,maenas,Carcinus_maenas,,68,,
pro_bot,Hemigrapsus,oregonensis,Hemigrapsus_oregonensis,wild,168,,
pro_bot,Homarus,americanus,Homarus_americanus,,120,,
pro_bot,Hyas,araneus,Hyas_araneus,wild,168,,
pro_bot,Necora,puber,Necora_puber,,168,,
pro_bot,Pagurus,pubescens,Pagurus_pubescens,wild,168,,
pro_bot,Paralithodes,camtschaticus,Paralithodes_camtschaticus,,182,,
pro_cha,Cyrtograpsus,altimanus,Cyrtograpsus_altimanus,,49,,
pro_cha,Cyrtograpsus,angulatus,Cyrtograpsus_angulatus,wild,168,,
pro_cha,Hemigrapsus,crenulatus,Hemigrapsus_crenulatus,,49,,
pro_cha,Neohelice,granulata,Neohelice_granulata,wild,"49, 168",estuarine,
pro_dim,Penaeus,duorarum,Penaeus_duorarum,,194,,
pro_ken,Emerita,analoga,Emerita_analoga,wild,168,,
pro_maj,Cancer,irroratus,Cancer_irroratus,wild,168,,
pro_min,Orconectes,limosus,Orconectes_limosus,,442,,
pro_obt,Carcinus,maenas,Carcinus_maenas,,29,,
pro_pan,Palaemonetes,paludosus,Palaemonetes_paludosus,wild,518,,
pro_pen,Penaeus,aztecus,Penaeus_aztecus,wild,199,,
pro_pen,Penaeus,duorarum,Penaeus_duorarum,wild,541,,
pro_pen,Penaeus,setiferus,Penaeus_setiferus,wild,199,,
pro_pra,Palaemon,lamarrei,Palaemon_lamarrei,,125,,
pro_ret,Penaeus,vannamei,Penaeus_vannamei,aquaculture,584,,
pro_rob,Carcinus,maenas,Carcinus_maenas,,26,,
pro_sp,Pagurus,longicarpus,Pagurus_longicarpus,wild,168,,
pro_sph,Brachynotus,spinosus,Brachynotus_spinosus,wild,168,,
pro_sph,Cyclograpsus,granulosus,Cyclograpsus_granulosus,wild,168,,
pro_sph,Nectocarcinus,integrifrons,Nectocarcinus_integrifrons,wild,168,,
pro_sph,Paragrapsus,gaimardii,Paragrapsus_gaimardii,wild,168,,
pro_sph,Paragrapsus,laevis,Paragrapsus_laevis,wild,168,,
pro_sph,Paragrapsus,quadridentatus,Paragrapsus_quadridentatus,wild,168,,
pro_ton,Penaeus,duorarum,Penaeus_duorarum,,194,,
proch_sp,Callinectes,sapidus,Callinectes_sapidus,,447,,
proch_sp,Penaeus,brasiliensis,Penaeus_brasiliensis,wild,534,,
pse_aff,Pandalus,montagui,Pandalus_montagui,,125,,
pse_cre,Munida,rugosa,Munida_rugosa,,125,,
pse_flu,Penaeus,indicus,Penaeus_indicus,aquaculture,156,,
pse_gal,Munida,gregaria,Munida_gregaria,wild,508,,
pse_hom,Homarus,americanus,Homarus_americanus,wild,2,,Brattey et al. (1985)
pse_hum,Cervimunida,johni,Cervimunida_johni,wild,457,,
pse_hum,Pleuroncodes,monodon,Pleuroncodes_monodon,wild,457,,
pse_hyn,Pagurus,bernhardus,Pagurus_bernhardus,,63,,
pse_hyn,Pagurus,pubescens,Pagurus_pubescens,,63,,
pse_pan,Panopeus,herbstii,Panopeus_herbstii,,220,,
pse_pro,Macrobrachium,amazonicum,Macrobrachium_amazonicum,wild,484,,
pse_sp,Nephrops,norvegicus,Nephrops_norvegicus,wild,511,,
pse_tub,Lithodes,santolla,Lithodes_santolla,wild,"2, 482",,Ca_ete et al. (2008)
pse_tub,Paralomis,granulosa,Paralomis_granulosa,wild,2,,Lovrich and Vinuesa (1993)
pso_hae,Astacus,astacus,Astacus_astacus,wild,106,,
pso_hae,Austropotamobius,pallipes,Austropotamobius_pallipes,wild,297,,
pso_hae,Austropotamobius,torrentium,Austropotamobius_torrentium,wild,443,,
pso_hae,Orconectes,limosus,Orconectes_limosus,,251,,
pso_hae,Pacifastacus,leniusculus,Pacifastacus_leniusculus,wild,251,,
pso_hae,Pontastacus,leptodactylus,Pontastacus_leptodactylus,wild,232,,
pso_hae,Procambarus,clarkii,Procambarus_clarkii,wild,251,,
pso_hae,Procambarus,zonangulus,Procambarus_zonangulus,wild,251,,
pso_orc,Orconectes,immunis,Orconectes_immunis,wild,272,,
pso_orc,Orconectes,limosus,Orconectes_limosus,,249,,
pso_orc,Orconectes,propinquus,Orconectes_propinquus,,272,,
pso_sp,Cherax,quinquicarinatus,Cherax_quinquicarinatus,wild,245,,
pso_sp,Cherax,tenuimanus,Cherax_tenuimanus,wild,272,,
pso_sp,Orconectes,rusticus,Orconectes_rusticus,wild,249,,
pso_sp,Orconectes,virilis,Orconectes_virilis,wild,249,,
pso_sp,Procambarus,alleni,Procambarus_alleni,,272,,
pso_sp,Procambarus,fallax,Procambarus_fallax,wild,249,,
pso_sp,Procambarus,zonangulus,Procambarus_zonangulus,wild,249,,
pvnv,Penaeus,vannamei,Penaeus_vannamei,aquaculture,596,,
qua_med,Orconectes,virilis,Orconectes_virilis,,442,,
ram_ast,Astacus,astacus,Astacus_astacus,wild,298,,
ren_pen,Penaeus,brasiliensis,Penaeus_brasiliensis,wild,537,,
ren_ros,Carcinus,maenas,Carcinus_maenas,,56,,
ren_ros,Hemigrapsus,takanoi,Hemigrapsus_takanoi,,109,,
ren_sp,Procambarus,clarkii,Procambarus_clarkii,,442,,
rhva,Callinectes,sapidus,Callinectes_sapidus,wild,16,,
rhvb,Callinectes,sapidus,Callinectes_sapidus,,447,,
ric_lik,Callinectes,sapidus,Callinectes_sapidus,,447,,
ric_lik,Eriocheir,sinensis,Eriocheir_sinensis,,92,,
ric_lik,Palaemon,elegans,Palaemon_elegans,,172,,
rvcm,Carcinus,maenas,Carcinus_maenas,,32,,
sac_ang,Charybdis,bimaculata,Charybdis_bimaculata,,10,,
sac_bea,Scylla,olivacea,Scylla_olivacea,wild,624,,
sac_bic,Omalacantha,bicornuta,Omalacantha_bicornuta,,63,,
sac_cal,Menaethius,monoceros,Menaethius_monoceros,,151,,
sac_car,Bathynectes,longipes,Bathynectes_longipes,,221,,
sac_car,Brachynotus,sexdentatus,Brachynotus_sexdentatus,,221,,
sac_car,Carcinus,maenas,Carcinus_maenas,,221,,
sac_car,Liocarcinus,corrugatus,Liocarcinus_corrugatus,,221,,
sac_car,Liocarcinus,depurator,Liocarcinus_depurator,,221,,
sac_car,Liocarcinus,holsatus,Liocarcinus_holsatus,,221,,
sac_car,Liocarcinus,marmoreus,Liocarcinus_marmoreus,,221,,
sac_car,Liocarcinus,navigator,Liocarcinus_navigator,,221,,
sac_car,Liocarcinus,pusillus,Liocarcinus_pusillus,,221,,
sac_car,Metacarcinus,magister,Metacarcinus_magister,lab,495,,
sac_car,Necora,puber,Necora_puber,,221,,
sac_car,Pachygrapsus,marmoratus,Pachygrapsus_marmoratus,,221,,
sac_car,Pirimela,denticulata,Pirimela_denticulata,,221,,
sac_car,Pisa,armata,Pisa_armata,,221,,
sac_car,Portumnus,latipes,Portumnus_latipes,,221,,
sac_carp,Carpilius,convexus,Carpilius_convexus,wild,63,,
sac_cor,Tylocarcinus,styx,Tylocarcinus_styx,,63,,
sac_gha,Stenorhynchus,seticornis,Stenorhynchus_seticornis,,63,,
sac_gor,Atergatis,floridus,Atergatis_floridus,,63,,
sac_gra,Portunus,pelagicus,Portunus_pelagicus,wild,1,,
sac_inf,Cancer,pagurus,Cancer_pagurus,wild,"1, 4, 452",,
sac_inf,Hyas,araneus,Hyas_araneus,,worms,,
sac_irr,Trapezia,cymodoce,Trapezia_cymodoce,,63,,
sac_lat,Charybdis,bimaculata,Charybdis_bimaculata,,10,,
sac_lat,Charybdis,japonica,Charybdis_japonica,,10,,
sac_lat,Charybdis,miles,Charybdis_miles,,63,,
sac_lat,Charybdis,truncata,Charybdis_truncata,,10,,
sac_nec,Nectocarcinus,integrifrons,Nectocarcinus_integrifrons,,63,,
sac_nig,Hemigrapsus,sanguineus,Hemigrapsus_sanguineus,,107,,
sac_pap,Thalamita,admete,Thalamita_admete,,63,,
sac_pil,Calappa,hepatica,Calappa_hepatica,,70,,
sac_rob,Atergatis,floridus,Atergatis_floridus,,63,,
sac_sca,Charybdis,truncata,Charybdis_truncata,wild,10,,
sac_sen,Hemigrapsus,sanguineus,Hemigrapsus_sanguineus,,107,,
sac_ser,Charybdis,feriata,Charybdis_feriata,,10,,
sac_sp,Acantholobulus,schmitti,Acantholobulus_schmitti,,,,
sac_sp,Charybdis,amboinensis,Charybdis_amboinensis,,81,,
sac_sp,Charybdis,granulata,Charybdis_granulata,,81,,
sac_sp,Charybdis,hellerii,Charybdis_hellerii,,81,,
sac_sp,Charybdis,longicollis,Charybdis_longicollis,,81,,
sac_sp,Charybdis,lucifera,Charybdis_lucifera,,81,,
sac_sp,Charybdis,natator,Charybdis_natator,,81,,
sac_sp,Charybdis,variegata,Charybdis_variegata,,81,,
sac_sp,Hemigrapsus,penicillatus,Hemigrapsus_penicillatus,,107,,
sac_sp,Portunus,hastatoides,Portunus_hastatoides,wild,81,,
sac_sp,Portunus,sanquinolentus,Portunus_sanquinolentus,wild,81,,
sac_sp,Thalamita,coeruleipes,Thalamita_coeruleipes,,81,,
sac_spi,Actaea,hystrix,Actaea_hystrix,,63,,
sac_spi,Atergatis,floridus,Atergatis_floridus,,63,,
sac_spi,Heteropanope,hilarula,Heteropanope_hilarula,,63,,
sac_spi,Pleistacantha,sanctijohannis,Pleistacantha_sanctijohannis,,63,,
sac_ter,Scalopidia,spinosipes,Scalopidia_spinosipes,,63,,
sac_web,Atergatis,floridus,Atergatis_floridus,,63,,
sap_aus,Orconectes,propinquus,Orconectes_propinquus,wild,513,,
sap_par,Astacus,astacus,Astacus_astacus,wild,298,,
sap_par,Pacifastacus,leniusculus,Pacifastacus_leniusculus,wild,298,,
sap_par,Penaeus,monodon,Penaeus_monodon,both,156,,
sap_par,Pontastacus,leptodactylus,Pontastacus_leptodactylus,,229,,
sap_par,Procambarus,clarkii,Procambarus_clarkii,wild,298,,
sap_sp,Orconectes,limosus,Orconectes_limosus,,442,,
sbv,Scylla,serrata,Scylla_serrata,aquaculture,"1, 3",,
sco_ple,Metapenaeus,dobsoni,Metapenaeus_dobsoni,wild,500,,
scrv,Portunus,trituberculatus,Portunus_trituberculatus,aquaculture,613,,
sep_cue,Diogenes,pugilator,Diogenes_pugilator,,63,,
shiv,Penaeus,vannamei,Penaeus_vannamei,aquaculture,581,,
smv,Cherax,quadricarinatus,Cherax_quadricarinatus,wild,442,,
smv,Penaeus,merguiensis,Penaeus_merguiensis,aquaculture,203,,
smv,Penaeus,monodon,Penaeus_monodon,aquaculture,203,,
sog_pro,Procambarus,clarkii,Procambarus_clarkii,,442,,
sou_dim,Procambarus,clarkii,Procambarus_clarkii,,442,,
spe_cap,Hemigrapsus,sanguineus,Hemigrapsus_sanguineus,,107,,
spe_exc,Cancer,pagurus,Cancer_pagurus,wild,23,,
spe_mac,Hemigrapsus,penicillatus,Hemigrapsus_penicillatus,,107,,
spi_eri,Eriocheir,sinensis,Eriocheir_sinensis,,96,,
spi_eri,Macrobrachium,nipponense,Macrobrachium_nipponense,wild,486,,
spi_eri,Penaeus,vannamei,Penaeus_vannamei,wild,486,,
spi_eri,Procambarus,clarkii,Procambarus_clarkii,both,"269, 621",,
spi_mir,Macrobrachium,nipponense,Macrobrachium_nipponense,,490,,
spi_pen,Orconectes,virilis,Orconectes_virilis,wild,259,,
spi_pen,Penaeus,vannamei,Penaeus_vannamei,,"442, 597",,
spi_sp,Pacifastacus,leniusculus,Pacifastacus_leniusculus,wild,273,,
ssrv,Scylla,serrata,Scylla_serrata,aquaculture,628,,
sta_aur,Penaeus,indicus,Penaeus_indicus,aquaculture,156,,
sta_aur,Penaeus,monodon,Penaeus_monodon,aquaculture,156,,
sta_sp,Penaeus,japonicus,Penaeus_japonicus,,143,,
ste_cor,Metapenaeus,affinis,Metapenaeus_affinis,aquaculture,156,,
ste_cor,Metapenaeus,dobsoni,Metapenaeus_dobsoni,aquaculture,156,,
ste_cor,Penaeus,indicus,Penaeus_indicus,aquaculture,156,,
ste_cor,Penaeus,monodon,Penaeus_monodon,aquaculture,156,,
ste_cor,Penaeus,semisulcatus,Penaeus_semisulcatus,aquaculture,156,,
sti_nep,Homarus,americanus,Homarus_americanus,,120,,
sti_nep,Nephrops,norvegicus,Nephrops_norvegicus,wild,497,,
str_sp,Penaeus,vannamei,Penaeus_vannamei,aquaculture,599,,
sul_man,Penaeus,semisulcatus,Penaeus_semisulcatus,wild,156,,
syl_hip,Lebbeus,polaris,Lebbeus_polaris,,63,,
syl_hip,Spirontocaris,liljeborgii,Spirontocaris_liljeborgii,,63,,
syn_hyp,Carcinus,aestuarii,Carcinus_aestuarii,,42,,
syn_hyp,Carcinus,maenas,Carcinus_maenas,,42,,
syn_hyp,Liocarcinus,bolivari,Liocarcinus_bolivari,,42,,
syn_hyp,Liocarcinus,corrugatus,Liocarcinus_corrugatus,,42,,
syn_hyp,Liocarcinus,depurator,Liocarcinus_depurator,,42,,
syn_hyp,Liocarcinus,holsatus,Liocarcinus_holsatus,,42,,
syn_hyp,Liocarcinus,pusillus,Liocarcinus_pusillus,,42,,
syn_hyp,Liocarcinus,vernalis,Liocarcinus_vernalis,,42,,
syn_hyp,Macropipus,tuberculatus,Macropipus_tuberculatus,,42,,
syn_hyp,Medorippe,lanata,Medorippe_lanata,,42,,
syn_hyp,Necora,puber,Necora_puber,,42,,
syn_hyp,Pilumnus,hirtellus,Pilumnus_hirtellus,,42,,
syn_hyp,Pilumnus,spinifer,Pilumnus_spinifer,,42,,
syn_hyp,Portumnus,latipes,Portumnus_latipes,,42,,
tem_min,Cherax,destructor,Cherax_destructor,wild,459,,
tet_pyr,Pontastacus,leptodactylus,Pontastacus_leptodactylus,wild,236,,
tet_sp,Carcinus,maenas,Carcinus_maenas,,66,,
tetr_sp,Cancer,pagurus,Cancer_pagurus,wild,23,,
the_con,Astacus,astacus,Astacus_astacus,wild,"2, 219, 231",,
the_con,Austropotamobius,pallipes,Austropotamobius_pallipes,wild,231,,
the_con,Orconectes,limosus,Orconectes_limosus,wild,231,,
the_con,Orconectes,virilis,Orconectes_virilis,lab,258,,
the_con,Pacifastacus,leniusculus,Pacifastacus_leniusculus,,263,,
the_con,Paranephrops,zealandicus,Paranephrops_zealandicus,wild,231,,
the_con,Pontastacus,leptodactylus,Pontastacus_leptodactylus,wild,231,,
the_duo,Penaeus,brasiliensis,Penaeus_brasiliensis,wild,537,,
the_duo,Penaeus,duorarum,Penaeus_duorarum,wild,543,,
the_duo,Penaeus,semisulcatus,Penaeus_semisulcatus,wild,156,,
the_gia,Crangon,crangon,Crangon_crangon,wild,468,,
the_mae,Carcinus,maenas,Carcinus_maenas,,42,,
the_mon,Cherax,destructor,Cherax_destructor,wild,242,,
the_par,Cherax,destructor,Cherax_destructor,wild,243,,
the_sem,Metapenaeus,affinis,Metapenaeus_affinis,,156,,
the_sp,Callinectes,sapidus,Callinectes_sapidus,,447,,
the_sp,Cherax,quinquicarinatus,Cherax_quinquicarinatus,wild,245,,
the_sp,Paralithodes,camtschaticus,Paralithodes_camtschaticus,wild,1,,
the_sp,Paralithodes,platypus,Paralithodes_platypus,wild,1,,
the_sp,Penaeus,latisulcatus,Penaeus_latisulcatus,wild,214,,
the_sp,Penaeus,longistylus,Penaeus_longistylus,wild,214,,
the_sp,Penaeus,semisulcatus,Penaeus_semisulcatus,,214,,
the_sp,Penaeus,setiferus,Penaeus_setiferus,wild,571,,
the_sp,Portunus,pelagicus,Portunus_pelagicus,wild,606,,
thy_sp,Penaeus,setiferus,Penaeus_setiferus,wild,537,,
tor_bos,Munida,rugosa,Munida_rugosa,,63,,
tor_bos,Munida,sarsi,Munida_sarsi,,63,,
tor_bos,Munida,tenuimana,Munida_tenuimana,,63,,
tra_ami,Trapezia,cymodoce,Trapezia_cymodoce,,125,,
tri_bei,Astacus,astacus,Astacus_astacus,,227,,
tri_bos,Munida,rugosa,Munida_rugosa,,63,,
tri_bos,Munida,sarsi,Munida_sarsi,,63,,
tri_bos,Munida,tenuimana,Munida_tenuimana,,63,,
tri_inv,Chionoecetes,bairdi,Chionoecetes_bairdi,wild,466,,
tri_inv,Chionoecetes,opilio,Chionoecetes_opilio,,84,,
tri_mun,Munida,rugosa,Munida_rugosa,,63,,
tri_mun,Munida,tenuimana,Munida_tenuimana,,63,,
tsv,Metapenaeus,ensis,Metapenaeus_ensis,,504,,
tsv,Penaeus,aztecus,Penaeus_aztecus,,193,,
tsv,Penaeus,chinensis,Penaeus_chinensis,lab,193,,
tsv,Penaeus,duorarum,Penaeus_duorarum,lab,193,,
tsv,Penaeus,indicus,Penaeus_indicus,aquaculture,548,,
tsv,Penaeus,schmitti,Penaeus_schmitti,lab,193,,
tsv,Penaeus,setiferus,Penaeus_setiferus,lab,193,,
tsv,Penaeus,stylirostris,Penaeus_stylirostris,lab,193,,
tsv,Penaeus,vannamei,Penaeus_vannamei,aquaculture,1,,
tuz_wei,Penaeus,aztecus,Penaeus_aztecus,,535,,
tuz_wei,Penaeus,monodon,Penaeus_monodon,,197,,
tuz_wei,Penaeus,setiferus,Penaeus_setiferus,,535,,
tyl_bit,Menaethius,monoceros,Menaethius_monoceros,wild,150,,
tyl_bon,Enoplolambrus,validus,Enoplolambrus_validus,wild,150,,
tyl_bon,Hyastenus,diacanthus,Hyastenus_diacanthus,wild,150,,
tyl_bon,Menaethius,monoceros,Menaethius_monoceros,wild,150,,
tyl_bon,Tylocarcinus,styx,Tylocarcinus_styx,wild,150,,
tyl_nax,Hyastenus,diacanthus,Hyastenus_diacanthus,,125,,
vai_che,Cherax,destructor,Cherax_destructor,wild,244,,
vav_med,Crangon,crangon,Crangon_crangon,wild,469,,
vav_par,Cherax,quadricarinatus,Cherax_quadricarinatus,,442,,
vib_alg,Charybdis,japonica,Charybdis_japonica,,75,,
vib_alg,Eriocheir,sinensis,Eriocheir_sinensis,aquaculture,103,,
vib_alg,Pacifastacus,leniusculus,Pacifastacus_leniusculus,wild,273,,
vib_alg,Panulirus,homarus,Panulirus_homarus,aquaculture,1,,
vib_alg,Panulirus,ornatus,Panulirus_ornatus,aquaculture,179,,
vib_alg,Parapenaeus,longirostris,Parapenaeus_longirostris,wild,528,,
vib_alg,Penaeus,japonicus,Penaeus_japonicus,aquaculture,144,,
vib_alg,Penaeus,monodon,Penaeus_monodon,aquaculture,144,,
vib_alg,Penaeus,vannamei,Penaeus_vannamei,lab,582,,
vib_alg,Portunus,trituberculatus,Portunus_trituberculatus,aquaculture,610,,
vib_alg,Scylla,serrata,Scylla_serrata,aquaculture,625,,
vib_ang,Eriocheir,sinensis,Eriocheir_sinensis,aquaculture,103,,
vib_ang,Homarus,americanus,Homarus_americanus,,114,,
vib_ang,Penaeus,indicus,Penaeus_indicus,aquaculture,156,,
vib_ang,Penaeus,vannamei,Penaeus_vannamei,lab,590,,
vib_bml,Homarus,americanus,Homarus_americanus,,114,,
vib_cam,Penaeus,monodon,Penaeus_monodon,,558,,
vib_cam,Penaeus,vannamei,Penaeus_vannamei,aquaculture,579,,
vib_cho,Macrobrachium,amazonicum,Macrobrachium_amazonicum,aquaculture,483,,
vib_cho,Parapenaeus,longirostris,Parapenaeus_longirostris,wild,528,,
vib_cho,Penaeus,vannamei,Penaeus_vannamei,aquaculture,588,,
vib_cho,Procambarus,clarkii,Procambarus_clarkii,,442,,
vib_cho,Scylla,serrata,Scylla_serrata,aquaculture,625,,
vib_flu,Homarus,americanus,Homarus_americanus,wild,117,,
vib_har,Panulirus,homarus,Panulirus_homarus,aquaculture,1,,
vib_har,Panulirus,ornatus,Panulirus_ornatus,,179,,
vib_har,Penaeus,indicus,Penaeus_indicus,lab,546,,
vib_har,Penaeus,monodon,Penaeus_monodon,aquaculture,553,,
vib_har,Penaeus,semisulcatus,Penaeus_semisulcatus,aquaculture,"212, 567",,
vib_har,Penaeus,vannamei,Penaeus_vannamei,,586,,
vib_har,Portunus,pelagicus,Portunus_pelagicus,wild,"602, 603",,
vib_har,Portunus,trituberculatus,Portunus_trituberculatus,aquaculture,614,,
vib_har,Sagmariasus,verreauxi,Sagmariasus_verreauxi,aquaculture,179,,
vib_har,Scylla,serrata,Scylla_serrata,aquaculture,625,,
vib_met,Portunus,trituberculatus,Portunus_trituberculatus,aquaculture,615,,
vib_nat,Portunus,trituberculatus,Portunus_trituberculatus,aquaculture,612,,
vib_nig,Penaeus,japonicus,Penaeus_japonicus,aquaculture,149,,
vib_nig,Penaeus,stylirostris,Penaeus_stylirostris,,574,,
vib_owe,Panulirus,ornatus,Panulirus_ornatus,aquaculture,178,,
vib_par,Charybdis,japonica,Charybdis_japonica,,78,,
vib_par,Crangon,crangon,Crangon_crangon,wild,467,,
vib_par,Eriocheir,sinensis,Eriocheir_sinensis,aquaculture,103,,
vib_par,Metapenaeus,affinis,Metapenaeus_affinis,,157,,
vib_par,Nephrops,norvegicus,Nephrops_norvegicus,lab,510,,
vib_par,Parapenaeus,longirostris,Parapenaeus_longirostris,wild,528,,
vib_par,Penaeus,indicus,Penaeus_indicus,,545,,
vib_par,Penaeus,japonicus,Penaeus_japonicus,,133,,
vib_par,Penaeus,monodon,Penaeus_monodon,aquaculture,554,,
vib_par,Penaeus,vannamei,Penaeus_vannamei,,578,,
vib_par,Portunus,trituberculatus,Portunus_trituberculatus,aquaculture,610,,
vib_par,Procambarus,clarkii,Procambarus_clarkii,wild,619,,
vib_par,Scylla,serrata,Scylla_serrata,aquaculture,625,,
vib_pen,Penaeus,japonicus,Penaeus_japonicus,aquaculture,139,,
vib_pen,Penaeus,stylirostris,Penaeus_stylirostris,aquaculture,577,,
vib_sin,Penaeus,vannamei,Penaeus_vannamei,aquaculture,595,,
vib_sp,Callinectes,sapidus,Callinectes_sapidus,wild,"2, 18",,Tubiash et al. (1975) and Welsh and Sizemore (1985)
vib_sp,Cancer,irroratus,Cancer_irroratus,,23,,
vib_sp,Cancer,pagurus,Cancer_pagurus,wild,449,,
vib_sp,Penaeus,aztecus,Penaeus_aztecus,,198,,
vib_sp,Pontastacus,leptodactylus,Pontastacus_leptodactylus,wild,238,,
vib_vul,Macrobrachium,amazonicum,Macrobrachium_amazonicum,aquaculture,483,,
vib_vul,Penaeus,vannamei,Penaeus_vannamei,,580,,
vib_zhu,Penaeus,japonicus,Penaeus_japonicus,wild,137,,
vis_gla,Carcinus,maenas,Carcinus_maenas,,456,,
wssv,Artemesia,longinaris,Artemesia_longinaris,wild,175,,
wssv,Astacus,astacus,Astacus_astacus,lab,228,,
wssv,Austropotamobius,pallipes,Austropotamobius_pallipes,lab,441,,
wssv,Callinectes,arcuatus,Callinectes_arcuatus,wild,444,,
wssv,Callinectes,danae,Callinectes_danae,,15,,
wssv,Callinectes,sapidus,Callinectes_sapidus,,17,,
wssv,Cancer,pagurus,Cancer_pagurus,lab,17,,
wssv,Charybdis,lucifera,Charybdis_lucifera,,80,,
wssv,Cherax,destructor,Cherax_destructor,lab,240,,
wssv,Cherax,quadricarinatus,Cherax_quadricarinatus,,441,,
wssv,Cyrtograpsus,angulatus,Cyrtograpsus_angulatus,wild,175,,
wssv,Eriocheir,sinensis,Eriocheir_sinensis,,106,,
wssv,Homarus,americanus,Homarus_americanus,lab,122,,
wssv,Homarus,gammarus,Homarus_gammarus,lab,478,,
wssv,Liocarcinus,depurator,Liocarcinus_depurator,lab,17,,
wssv,Macrobrachium,nipponense,Macrobrachium_nipponense,lab,487,,
wssv,Menippe,adina,Menippe_adina,lab,474,,
wssv,Metapenaeus,affinis,Metapenaeus_affinis,,,,
wssv,Metapenaeus,dobsoni,Metapenaeus_dobsoni,both,"154, 499",,
wssv,Metapenaeus,ensis,Metapenaeus_ensis,both,"501, 502",,
wssv,Metapenaeus,monoceros,Metapenaeus_monoceros,aquaculture,"154, 158",,
wssv,Necora,puber,Necora_puber,lab,17,,
wssv,Nephrops,norvegicus,Nephrops_norvegicus,lab,441,,
wssv,Orconectes,limosus,Orconectes_limosus,,17,,
wssv,Orconectes,virilis,Orconectes_virilis,lab,259,,
wssv,Pacifastacus,leniusculus,Pacifastacus_leniusculus,lab,260,,
wssv,Palaemon,adspersus,Palaemon_adspersus,lab,17,,
wssv,Palaemon,macrodactylus,Palaemon_macrodactylus,,175,,
wssv,Palaemon,paucidens,Palaemon_paucidens,lab,516,,
wssv,Panulirus,homarus,Panulirus_homarus,lab,177,,
wssv,Panulirus,ornatus,Panulirus_ornatus,lab,177,,
wssv,Parapenaeopsis,stylifera,Parapenaeopsis_stylifera,both,"525, 499",,
wssv,Penaeus,aztecus,Penaeus_aztecus,wild,"1, 188",,
wssv,Penaeus,brasiliensis,Penaeus_brasiliensis,wild,536,,
wssv,Penaeus,californiensis,Penaeus_californiensis,lab,538,,
wssv,Penaeus,duorarum,Penaeus_duorarum,lab,542,,
wssv,Penaeus,indicus,Penaeus_indicus,aquaculture,154,,
wssv,Penaeus,japonicus,Penaeus_japonicus,aquaculture,"1, 134",,
wssv,Penaeus,merguiensis,Penaeus_merguiensis,,200,,
wssv,Penaeus,monodon,Penaeus_monodon,aquaculture,154,,
wssv,Penaeus,paulensis,Penaus_paulensis,wild,566,,
wssv,Penaeus,semisulcatus,Penaeus_semisulcatus,,208,,
wssv,Penaeus,setiferus,Penaeus_setiferus,wild,1,,
wssv,Penaeus,stylirostris,Penaeus_stylirostris,wild,575,,
wssv,Penaeus,subtilis,Penaeus_subtilis,,215,,
wssv,Penaeus,vannamei,Penaeus_vannamei,wild,1,,
wssv,Pontastacus,leptodactylus,Pontastacus_leptodactylus,lab,17,,
wssv,Portunus,pelagicus,Portunus_pelagicus,lab,604,,
wssv,Portunus,sanquinolentus,Portunus_sanquinolentus,lab,608,,
wssv,Portunus,trituberculatus,Portunus_trituberculatus,aquaculture,610,,
wssv,Procambarus,clarkii,Procambarus_clarkii,both,270,,
wssv,Procambarus,zonangulus,Procambarus_zonangulus,both,228,,
wssv,Scylla,serrata,Scylla_serrata,both,1,,
wssv,Scyllarus,arctus,Scyllarus_arctus,lab,17,,
wssv,Solenocera,crassicornis,Solenocera_crassicornis,,225,,
xsv,Penaeus,indicus,Penaeus_indicus,,547,,
xsv,Penaeus,monodon,Penaeus_monodon,lab,563,,
yhv,Callinectes,sapidus,Callinectes_sapidus,,21,,
yhv,Cherax,quadricarinatus,Cherax_quadricarinatus,lab,463,,
yhv,Metapenaeus,affinis,Metapenaeus_affinis,lab,152,,
yhv,Palaemon,serrifer,Palaemon_serrifer,lab,517,,
yhv,Penaeus,aztecus,Penaeus_aztecus,aquaculture,"1, 188",,
yhv,Penaeus,duorarum,Penaeus_duorarum,aquaculture,"1, 188",,
yhv,Penaeus,monodon,Penaeus_monodon,both,152,,
yhv,Penaeus,monodon,monodon,wild,551,,
yhv,Penaeus,semisulcatus,Penaeus_semisulcatus,,208,,
yhv,Penaeus,setiferus,Penaeus_setiferus,aquaculture,"1, 188",,
yhv,Penaeus,stylirostris,Penaeus_stylirostris,wild,1,nearby aquaculture facility,
yhv,Penaeus,vannamei,Penaeus_vannamei,aquaculture,"1, 188",,